text,date,location,polarity,subjectivity,classification
Vaccine appointments are available at,,,,,
Walgreens/Duane Reade (Pfizer),,,,,
122 East 42nd Street, Manhattan, NY, 10168,,
"(8‚Ä¶""",Fri Jul 02 10:17:55 +0000 2021,"New York, NY",0.4,0.4,Positive
Vaccine appointments are available at,,,,,
Walgreens/Duane Reade (Pfizer),,,,,
1231 Madison Avenue, Manhattan, NY, 10128,,
"(80‚Ä¶""",Fri Jul 02 10:17:55 +0000 2021,"New York, NY",0.4,0.4,Positive
Vaccine appointments are available at,,,,,
Walgreens/Duane Reade (Pfizer),,,,,
1235 Lexington Avenue, Manhattan, NY, 10028,,
"(‚Ä¶""",Fri Jul 02 10:17:55 +0000 2021,"New York, NY",0.4,0.4,Positive
Vaccine appointments are available at,,,,,
Walgreens/Duane Reade (Pfizer),,,,,
135 East 125th Street, Manhattan, NY, 10035,,
"(‚Ä¶""",Fri Jul 02 10:17:55 +0000 2021,"New York, NY",0.4,0.4,Positive
Vaccine appointments are available at,,,,,
Walgreens/Duane Reade (Pfizer),,,,,
1490 Madison Avenue, Manhattan, NY, 10029,,
"(80‚Ä¶""",Fri Jul 02 10:17:56 +0000 2021,"New York, NY",0.4,0.4,Positive
Vaccine appointments are available at,,,,,
Walgreens/Duane Reade (Pfizer),,,,,
155 East 34th Street, Manhattan, NY, 10016,,
"(8‚Ä¶""",Fri Jul 02 10:17:57 +0000 2021,"New York, NY",0.4,0.4,Positive
Vaccine appointments are available at,,,,,
Walgreens/Duane Reade (Pfizer),,,,,
164 Kent Avenue, Brooklyn, NY, 11249,,
"(800) 92‚Ä¶""",Fri Jul 02 10:17:57 +0000 2021,"New York, NY",0.4,0.4,Positive
Vaccine appointments are available at,,,,,
Walgreens/Duane Reade (Pfizer),,,,,
1675 3rd Avenue, Manhattan, NY, 10128,,
"(800) 9‚Ä¶""",Fri Jul 02 10:17:57 +0000 2021,"New York, NY",0.2,0.2,Positive
Vaccine appointments are available at,,,,,
Walgreens/Duane Reade (Pfizer),,,,,
1915 3rd Avenue, Manhattan, NY, 10029,,
"(800) 9‚Ä¶""",Fri Jul 02 10:17:58 +0000 2021,"New York, NY",0.2,0.2,Positive
Vaccine appointments are available at,,,,,
Walgreens/Duane Reade (Pfizer),,,,,
200 Water Street, Manhattan, NY, 10038,,
"(800)‚Ä¶""",Fri Jul 02 10:17:58 +0000 2021,"New York, NY",0.4,0.4,Positive
Vaccine appointments are available at,,,,,
Walgreens/Duane Reade (Pfizer),,,,,
2265 Ralph Avenue, Brooklyn, NY, 11234,,
"(800)‚Ä¶""",Fri Jul 02 10:17:58 +0000 2021,"New York, NY",0.4,0.4,Positive
Vaccine appointments are available at,,,,,
Walgreens/Duane Reade (Pfizer),,,,,
250 Broadway, Manhattan, NY, 10007,,
"(800) 925-‚Ä¶""",Fri Jul 02 10:18:00 +0000 2021,"New York, NY",0.4,0.4,Positive
Vaccine appointments are available at,,,,,
Walgreens/Duane Reade (Pfizer),,,,,
2522 Broadway, Manhattan, NY, 10025,,
"(800) 925‚Ä¶""",Fri Jul 02 10:18:00 +0000 2021,"New York, NY",0.4,0.4,Positive
Vaccine appointments are available at,,,,,
Walgreens/Duane Reade (Pfizer),,,,,
2760 Broadway, Manhattan, NY, 10025,,
"(800) 925‚Ä¶""",Fri Jul 02 10:18:00 +0000 2021,"New York, NY",0.4,0.4,Positive
Vaccine appointments are available at,,,,,
Walgreens/Duane Reade (Pfizer),,,,,
28-58 Steinway Street, Queens, NY, 11103,,
"(800‚Ä¶""",Fri Jul 02 10:18:00 +0000 2021,"New York, NY",0.4,0.4,Positive
Second Pfizer in the arm. Just need to wait 10 minutes to leave. Fast and well organized. I'll give the Italian health care‚Ä¶,Fri Jul 02 10:18:00 +0000 2021,"Miami, FL",0.06666666666666667,0.19999999999999998,Positive
Vaccine appointments are available at,,,,,
Walgreens/Duane Reade (Pfizer),,,,,
2864 Broadway, Manhattan, NY, 10025,,
"(800) 925‚Ä¶""",Fri Jul 02 10:18:00 +0000 2021,"New York, NY",0.4,0.4,Positive
Vaccine appointments are available at,,,,,
Walgreens/Duane Reade (Pfizer),,,,,
300 East 39th Street, Manhattan, NY, 10016,,
"(8‚Ä¶""",Fri Jul 02 10:18:01 +0000 2021,"New York, NY",0.4,0.4,Positive
Vaccine appointments are available at,,,,,
Walgreens/Duane Reade (Pfizer),,,,,
300 West 135th Street, Manhattan, NY, 10030,,
"(‚Ä¶""",Fri Jul 02 10:18:01 +0000 2021,"New York, NY",0.4,0.4,Positive
Vaccine appointments are available at,,,,,
Walgreens/Duane Reade (Pfizer),,,,,
320 West 145th Street, Manhattan, NY, 10039,,
"(‚Ä¶""",Fri Jul 02 10:18:01 +0000 2021,"New York, NY",0.4,0.4,Positive
Vaccine appointments are available at,,,,,
Walgreens/Duane Reade (Pfizer),,,,,
3387 Broadway, Manhattan, NY, 10031,,
"(800) 925‚Ä¶""",Fri Jul 02 10:18:02 +0000 2021,"New York, NY",0.4,0.4,Positive
Vaccine appointments are available at,,,,,
Walgreens/Duane Reade (Pfizer),,,,,
35-06 Broadway, Queens, NY, 11106,,
"(800) 925-4‚Ä¶""",Fri Jul 02 10:18:02 +0000 2021,"New York, NY",0.4,0.4,Positive
Vaccine appointments are available at,,,,,
Walgreens/Duane Reade (Pfizer),,,,,
352 Greenwich Street, Manhattan, NY, 10013,,
"(8‚Ä¶""",Fri Jul 02 10:18:02 +0000 2021,"New York, NY",0.4,0.4,Positive
Pfizer vaccines offered by Israel to Palestine that were rejected by the PA due to the fact they are all about to expire‚Ä¶,Fri Jul 02 10:18:02 +0000 2021,"Texas, USA",-0.125,0.375,Negative
Vaccine appointments are available at,,,,,
Walgreens/Duane Reade (Pfizer),,,,,
37-66 82nd Street, Queens, NY, 11372,,
"(800) 92‚Ä¶""",Fri Jul 02 10:18:02 +0000 2021,"New York, NY",0.4,0.4,Positive
Vaccine appointments are available at,,,,,
Walgreens/Duane Reade (Pfizer),,,,,
4 Park Avenue, Manhattan, NY, 10016,,
"(800) 925‚Ä¶""",Fri Jul 02 10:18:03 +0000 2021,"New York, NY",0.4,0.4,Positive
Vaccine appointments are available at,,,,,
Walgreens/Duane Reade (Pfizer),,,,,
4 West 4th Street, Manhattan, NY, 10012,,
"(800)‚Ä¶""",Fri Jul 02 10:18:03 +0000 2021,"New York, NY",0.4,0.4,Positive
Vaccine appointments are available at,,,,,
Walgreens/Duane Reade (Pfizer),,,,,
40 Wall Street, Manhattan, NY, 10005,,
"(800) 92‚Ä¶""",Fri Jul 02 10:18:04 +0000 2021,"New York, NY",0.4,0.4,Positive
Vaccine appointments are available at,,,,,
Walgreens/Duane Reade (Pfizer),,,,,
401 East 86th Street, Manhattan, NY, 10028,,
"(8‚Ä¶""",Fri Jul 02 10:18:04 +0000 2021,"New York, NY",0.4,0.4,Positive
Vaccine appointments are available at,,,,,
Walgreens/Duane Reade (Pfizer),,,,,
436 86th Street, Brooklyn, NY, 11209,,
"(800) 92‚Ä¶""",Fri Jul 02 10:18:04 +0000 2021,"New York, NY",0.4,0.4,Positive
Vaccine appointments are available at,,,,,
Walgreens/Duane Reade (Pfizer),,,,,
459 Broadway, Manhattan, NY, 10013,,
"(800) 925-‚Ä¶""",Fri Jul 02 10:18:05 +0000 2021,"New York, NY",0.4,0.4,Positive
Vaccine appointments are available at,,,,,
Walgreens/Duane Reade (Pfizer),,,,,
5411 Myrtle Avenue, Queens, NY, 11385,,
"(800) 9‚Ä¶""",Fri Jul 02 10:18:06 +0000 2021,"New York, NY",0.4,0.4,Positive
Vaccine appointments are available at,,,,,
Walgreens/Duane Reade (Pfizer),,,,,
60 Spring Street, Manhattan, NY, 10012,,
"(800)‚Ä¶""",Fri Jul 02 10:18:06 +0000 2021,"New York, NY",0.4,0.4,Positive
Vaccine appointments are available at,,,,,
Walgreens/Duane Reade (Pfizer),,,,,
60-02 Roosevelt Avenue, Queens, NY, 11377,,
"(80‚Ä¶""",Fri Jul 02 10:18:06 +0000 2021,"New York, NY",0.4,0.4,Positive
Vaccine appointments are available at,,,,,
Walgreens/Duane Reade (Pfizer),,,,,
609 Columbus Avenue, Manhattan, NY, 10024,,
"(80‚Ä¶""",Fri Jul 02 10:18:06 +0000 2021,"New York, NY",0.4,0.4,Positive
Vaccine appointments are available at,,,,,
Walgreens/Duane Reade (Pfizer),,,,,
619 9th Avenue, Manhattan, NY, 10036,,
"(800) 92‚Ä¶""",Fri Jul 02 10:18:07 +0000 2021,"New York, NY",0.4,0.4,Positive
Vaccine appointments are available at,,,,,
Walgreens/Duane Reade (Pfizer),,,,,
661 8th Avenue, Manhattan, NY, 10036,,
"(800) 92‚Ä¶""",Fri Jul 02 10:18:07 +0000 2021,"New York, NY",0.4,0.4,Positive
Vaccine appointments are available at,,,,,
Walgreens/Duane Reade (Pfizer),,,,,
700 Columbus Avenue, Manhattan, NY, 10025,,
"(80‚Ä¶""",Fri Jul 02 10:18:07 +0000 2021,"New York, NY",0.4,0.4,Positive
Vaccine appointments are available at,,,,,
Walgreens/Duane Reade (Pfizer),,,,,
721 9th Avenue, Manhattan, NY, 10019,,
"(800) 92‚Ä¶""",Fri Jul 02 10:18:07 +0000 2021,"New York, NY",0.4,0.4,Positive
Vaccine appointments are available at,,,,,
Walgreens/Duane Reade (Pfizer),,,,,
73-01 37th Avenue, Queens, NY, 11372,,
"(800) 92‚Ä¶""",Fri Jul 02 10:18:08 +0000 2021,"New York, NY",0.4,0.4,Positive
Vaccine appointments are available at,,,,,
Walgreens/Duane Reade (Pfizer),,,,,
84-32 Jamaica Avenue, Queens, NY, 11421,,
"(800)‚Ä¶""",Fri Jul 02 10:18:09 +0000 2021,"New York, NY",0.4,0.4,Positive
Vaccine appointments are available at,,,,,
Walgreens/Duane Reade (Pfizer),,,,,
900 8th Avenue, Manhattan, NY, 10019,,
"(800) 92‚Ä¶""",Fri Jul 02 10:18:09 +0000 2021,"New York, NY",0.4,0.4,Positive
Vaccine appointments are available at,,,,,
Walgreens/Duane Reade (Pfizer),,,,,
95-11 63rd Drive, Queens, NY, 11374,,
"(800) 925‚Ä¶""",Fri Jul 02 10:18:10 +0000 2021,"New York, NY",0.4,0.4,Positive
Vaccine appointments are available at,,,,,
Walgreens/Duane Reade (Pfizer),,,,,
162-19 Hillside Ave, Queens, NY, 11432,,
"(800)‚Ä¶""",Fri Jul 02 10:18:12 +0000 2021,"New York, NY",0.4,0.4,Positive
Vaccine appointments are available at,,,,,
Walgreens/Duane Reade (Pfizer),,,,,
43-02 Ditmars Boulevard, Queens, NY, 11105,,
"(8‚Ä¶""",Fri Jul 02 10:18:19 +0000 2021,"New York, NY",0.4,0.4,Positive
Vaccine appointments are available at,,,,,
Walgreens/Duane Reade (Pfizer),,,,,
45-02 43rd Avenue, Queens, NY, 11104,,
"(800) 92‚Ä¶""",Fri Jul 02 10:18:19 +0000 2021,"New York, NY",0.4,0.4,Positive
Vaccine appointments are available at,,,,,
Walgreens/Duane Reade (Pfizer),,,,,
63-37 108th Street, Queens, NY, 11375,,
"(800) 9‚Ä¶""",Fri Jul 02 10:18:21 +0000 2021,"New York, NY",0.4,0.4,Positive
Vaccine appointments are available at,,,,,
Walgreens/Duane Reade (Pfizer),,,,,
69-62 188th Street, Queens, NY, 11365,,
"(800) 9‚Ä¶""",Fri Jul 02 10:18:22 +0000 2021,"New York, NY",0.4,0.4,Positive
Vaccine appointments are available at,,,,,
Walgreens/Duane Reade (Pfizer),,,,,
96-02 Rockaway Blvd, Queens, NY, 11417,,
"(800)‚Ä¶""",Fri Jul 02 10:18:25 +0000 2021,"New York, NY",0.4,0.4,Positive
Vaccine appointments are available at,,,,,
Walgreens/Duane Reade (Pfizer),,,,,
1551 Richmond Avenue, Staten Island, NY," 1031‚Ä¶""",Fri Jul 02 10:18:25 +0000 2021,"New York, NY"
Vaccine appointments are available at,,,,,
Walgreens/Duane Reade (Pfizer),,,,,
946 Kings Highway, Brooklyn, NY, 11223,,
"(800)‚Ä¶""",Fri Jul 02 10:18:26 +0000 2021,"New York, NY",0.4,0.4,Positive
Vaccine appointments are available at,,,,,
Walgreens/Duane Reade (Pfizer),,,,,
103-14 Roosevelt Avenue, Queens, NY, 11368,,
"(8‚Ä¶""",Fri Jul 02 10:18:26 +0000 2021,"New York, NY",0.4,0.4,Positive
Vaccine appointments are available at,,,,,
Walgreens/Duane Reade (Pfizer),,,,,
1759 Hylan Boulevard, Staten Island, NY," 1030‚Ä¶""",Fri Jul 02 10:18:26 +0000 2021,"New York, NY"
Vaccine appointments are available at,,,,,
Walgreens/Duane Reade (Pfizer),,,,,
955 Manor Road, Staten Island, NY, 10314,,
"(800‚Ä¶""",Fri Jul 02 10:18:26 +0000 2021,"New York, NY",0.4,0.4,Positive
Vaccine appointments are available at,,,,,
Walgreens/Duane Reade (Pfizer),,,,,
298 1st Avenue, Manhattan, NY, 10009,,
"(800) 92‚Ä¶""",Fri Jul 02 10:18:27 +0000 2021,"New York, NY",0.4,0.4,Positive
Vaccine appointments are available at,,,,,
Walgreens/Duane Reade (Pfizer),,,,,
6628 18th Avenue, Brooklyn, NY, 11204,,
"(800) 9‚Ä¶""",Fri Jul 02 10:18:27 +0000 2021,"New York, NY",0.4,0.4,Positive
Vaccine appointments are available at,,,,,
Walgreens/Duane Reade (Pfizer),,,,,
114 Beverley Road, Brooklyn, NY, 11218,,
"(800)‚Ä¶""",Fri Jul 02 10:18:27 +0000 2021,"New York, NY",0.4,0.4,Positive
Vaccine appointments are available at,,,,,
Walgreens/Duane Reade (Pfizer),,,,,
2325 Flatbush Avenue, Brooklyn, NY, 11234,,
"(80‚Ä¶""",Fri Jul 02 10:18:28 +0000 2021,"New York, NY",0.4,0.4,Positive
Vaccine appointments are available at,,,,,
Walgreens/Duane Reade (Pfizer),,,,,
93-12 Astoria Boulevard, Queens, NY, 11369,,
"(8‚Ä¶""",Fri Jul 02 10:18:28 +0000 2021,"New York, NY",0.4,0.4,Positive
Vaccine appointments are available at,,,,,
Walgreens/Duane Reade (Pfizer),,,,,
175-06 Hillside Avenue, Queens, NY, 11432,,
"(80‚Ä¶""",Fri Jul 02 10:18:28 +0000 2021,"New York, NY",0.4,0.4,Positive
Vaccine appointments are available at,,,,,
Walgreens/Duane Reade (Pfizer),,,,,
5564 Broadway, Bronx, NY, 10463,,
"(800) 925-473‚Ä¶""",Fri Jul 02 10:18:29 +0000 2021,"New York, NY",0.4,0.4,Positive
Vaccine appointments are available at,,,,,
Walgreens/Duane Reade (Pfizer),,,,,
132-50 Metropolitan Avenue, Queens, NY," 11418‚Ä¶""",Fri Jul 02 10:18:29 +0000 2021,"New York, NY"
Vaccine appointments are available at,,,,,
Walgreens/Duane Reade (Pfizer),,,,,
58-02 Metropolitan Avenue, Queens, NY," 11385‚Ä¶""",Fri Jul 02 10:18:29 +0000 2021,"New York, NY"
Vaccine appointments are available at,,,,,
Walgreens/Duane Reade (Pfizer),,,,,
33-55 Crescent Street, Queens, NY, 11106,,
"(800‚Ä¶""",Fri Jul 02 10:18:29 +0000 2021,"New York, NY",0.4,0.4,Positive
Vaccine appointments are available at,,,,,
Walgreens/Duane Reade (Pfizer),,,,,
104-25 Queens Boulevard, Queens, NY, 11375,,
"(8‚Ä¶""",Fri Jul 02 10:18:30 +0000 2021,"New York, NY",0.4,0.4,Positive
Vaccine appointments are available at,,,,,
Walgreens/Duane Reade (Pfizer),,,,,
44-15 Kissena Boulevard, Queens, NY, 11355,,
"(8‚Ä¶""",Fri Jul 02 10:18:30 +0000 2021,"New York, NY",0.4,0.4,Positive
Vaccine appointments are available at,,,,,
Walgreens/Duane Reade (Pfizer),,,,,
82-77 Broadway, Queens, NY, 11373,,
"(800) 925-4‚Ä¶""",Fri Jul 02 10:18:30 +0000 2021,"New York, NY",0.4,0.4,Positive
Vaccine appointments are available at,,,,,
Walgreens/Duane Reade (Pfizer),,,,,
755 Broadway, Brooklyn, NY, 11206,,
"(800) 925-4‚Ä¶""",Fri Jul 02 10:18:31 +0000 2021,"New York, NY",0.4,0.4,Positive
Vaccine appointments are available at,,,,,
Walgreens/Duane Reade (Pfizer),,,,,
109-62 Francis Lewis Boulevard, Queens, NY," 1‚Ä¶""",Fri Jul 02 10:18:31 +0000 2021,"New York, NY"
Vaccine appointments are available at,,,,,
Walgreens/Duane Reade (Pfizer),,,,,
713 Brighton Beach Avenue, Brooklyn, NY," 1123‚Ä¶""",Fri Jul 02 10:18:31 +0000 2021,"New York, NY"
Vaccine appointments are available at,,,,,
Walgreens/Duane Reade (Pfizer),,,,,
379 Myrtle Avenue, Brooklyn, NY, 11205,,
"(800)‚Ä¶""",Fri Jul 02 10:18:32 +0000 2021,"New York, NY",0.4,0.4,Positive
Vaccine appointments are available at,,,,,
Walgreens/Duane Reade (Pfizer),,,,,
73-21 Kissena Boulevard, Queens, NY, 11367,,
"(8‚Ä¶""",Fri Jul 02 10:18:32 +0000 2021,"New York, NY",0.4,0.4,Positive
Vaccine appointments are available at,,,,,
Walgreens/Duane Reade (Pfizer),,,,,
1366 Broadway, Brooklyn, NY, 11221,,
"(800) 925-‚Ä¶""",Fri Jul 02 10:18:32 +0000 2021,"New York, NY",0.4,0.4,Positive
Vaccine appointments are available at,,,,,
Walgreens/Duane Reade (Pfizer),,,,,
1409 Avenue J, Brooklyn, NY, 11230,,
"(800) 925-‚Ä¶""",Fri Jul 02 10:18:33 +0000 2021,"New York, NY",0.4,0.4,Positive
Vaccine appointments are available at,,,,,
Walgreens/Duane Reade (Pfizer),,,,,
5716 Avenue U, Brooklyn, NY, 11234,,
"(800) 925-‚Ä¶""",Fri Jul 02 10:18:33 +0000 2021,"New York, NY",0.4,0.4,Positive
Vaccine appointments are available at,,,,,
Walgreens/Duane Reade (Pfizer),,,,,
5001 Church Avenue, Brooklyn, NY, 11203,,
"(800)‚Ä¶""",Fri Jul 02 10:18:33 +0000 2021,"New York, NY",0.4,0.4,Positive
Vaccine appointments are available at,,,,,
Walgreens/Duane Reade (Pfizer),,,,,
3082 Avenue U, Brooklyn, NY, 11229,,
"(800) 925-‚Ä¶""",Fri Jul 02 10:18:33 +0000 2021,"New York, NY",0.4,0.4,Positive
Vaccine appointments are available at,,,,,
Walgreens/Duane Reade (Pfizer),,,,,
84-20 Broadway, Queens, NY, 11373,,
"(800) 925-4‚Ä¶""",Fri Jul 02 10:18:34 +0000 2021,"New York, NY",0.4,0.4,Positive
Vaccine appointments are available at,,,,,
Walgreens/Duane Reade (Pfizer),,,,,
4915 Flatlands Avenue, Brooklyn, NY, 11234,,
"(8‚Ä¶""",Fri Jul 02 10:18:34 +0000 2021,"New York, NY",0.4,0.4,Positive
Vaccine appointments are available at,,,,,
Walgreens/Duane Reade (Pfizer),,,,,
2590 Coney Island Avenue, Brooklyn, NY," 11223‚Ä¶""",Fri Jul 02 10:18:34 +0000 2021,"New York, NY"
Vaccine appointments are available at,,,,,
Walgreens/Duane Reade (Pfizer),,,,,
119-02 Rockaway Boulevard, Queens, NY," 11420‚Ä¶""",Fri Jul 02 10:18:34 +0000 2021,"New York, NY"
Vaccine appointments are available at,,,,,
Walgreens/Duane Reade (Pfizer),,,,,
1847 Rockaway Parkway, Brooklyn, NY, 11236,,
"(8‚Ä¶""",Fri Jul 02 10:18:35 +0000 2021,"New York, NY",0.4,0.4,Positive
Vaccine appointments are available at,,,,,
Walgreens/Duane Reade (Pfizer),,,,,
159-34 Jamaica Avenue, Queens, NY, 11432,,
"(800‚Ä¶""",Fri Jul 02 10:18:35 +0000 2021,"New York, NY",0.4,0.4,Positive
Vaccine appointments are available at,,,,,
Walgreens/Duane Reade (Pfizer),,,,,
127-04 Guy R Brewer Boulevard, Queens, NY," 11‚Ä¶""",Fri Jul 02 10:18:35 +0000 2021,"New York, NY"
Vaccine appointments are available at,,,,,
Walgreens/Duane Reade (Pfizer),,,,,
219-14 Merrick Boulevard, Queens, NY, 11413,,
"(‚Ä¶""",Fri Jul 02 10:18:36 +0000 2021,"New York, NY",0.4,0.4,Positive
Vaccine appointments are available at,,,,,
Walgreens/Duane Reade (Pfizer),,,,,
255-01 Union Turnpike, Queens, NY, 11004,,
"(800‚Ä¶""",Fri Jul 02 10:18:36 +0000 2021,"New York, NY",0.4,0.4,Positive
Vaccine appointments are available at,,,,,
Walgreens/Duane Reade (Pfizer),,,,,
47-07 Broadway, Queens, NY, 11103,,
"(800) 925-4‚Ä¶""",Fri Jul 02 10:18:37 +0000 2021,"New York, NY",0.4,0.4,Positive
Vaccine appointments are available at,,,,,
Walgreens/Duane Reade (Pfizer),,,,,
1559 Flatbush Avenue, Brooklyn, NY, 11210,,
"(80‚Ä¶""",Fri Jul 02 10:18:37 +0000 2021,"New York, NY",0.4,0.4,Positive
Vaccine appointments are available at,,,,,
Walgreens/Duane Reade (Pfizer),,,,,
32 East 170th Street, Bronx, NY, 10452,,
"(800)‚Ä¶""",Fri Jul 02 10:18:37 +0000 2021,"New York, NY",0.4,0.4,Positive
Vaccine appointments are available at,,,,,
Walgreens/Duane Reade (Pfizer),,,,,
4123 Avenue D, Brooklyn, NY, 11203,,
"(800) 925-‚Ä¶""",Fri Jul 02 10:18:38 +0000 2021,"New York, NY",0.4,0.4,Positive
Vaccine appointments are available at,,,,,
Walgreens/Duane Reade (Pfizer),,,,,
78-14 Linden Boulevard, Queens, NY, 11414,,
"(80‚Ä¶""",Fri Jul 02 10:18:38 +0000 2021,"New York, NY",0.4,0.4,Positive
Vaccine appointments are available at,,,,,
Walgreens/Duane Reade (Pfizer),,,,,
3012 3rd Avenue, Bronx, NY, 10455,,
"(800) 925-4‚Ä¶""",Fri Jul 02 10:18:38 +0000 2021,"New York, NY",0.2,0.2,Positive
Vaccine appointments are available at,,,,,
Walgreens/Duane Reade (Pfizer),,,,,
110-88 Queens Boulevard, Queens, NY, 11375,,
"(8‚Ä¶""",Fri Jul 02 10:18:39 +0000 2021,"New York, NY",0.4,0.4,Positive
Vaccine appointments are available at,,,,,
Walgreens/Duane Reade (Pfizer),,,,,
75-75 31st Avenue, Queens, NY, 11370,,
"(800) 92‚Ä¶""",Fri Jul 02 10:18:39 +0000 2021,"New York, NY",0.4,0.4,Positive
Vaccine appointments are available at,,,,,
Walgreens/Duane Reade (Pfizer),,,,,
91-08 Roosevelt Avenue, Queens, NY, 11372,,
"(80‚Ä¶""",Fri Jul 02 10:18:39 +0000 2021,"New York, NY",0.4,0.4,Positive
Vaccine appointments are available at,,,,,
Walgreens/Duane Reade (Pfizer),,,,,
119-10 Liberty Avenue, Queens, NY, 11419,,
"(800‚Ä¶""",Fri Jul 02 10:18:39 +0000 2021,"New York, NY",0.4,0.4,Positive
Vaccine appointments are available at,,,,,
Walgreens/Duane Reade (Pfizer),,,,,
541 West 235th Street, Bronx, NY, 10463,,
"(800)‚Ä¶""",Fri Jul 02 10:18:40 +0000 2021,"New York, NY",0.4,0.4,Positive
Vaccine appointments are available at,,,,,
Walgreens/Duane Reade (Pfizer),,,,,
650 East Tremont Avenue, Bronx, NY, 10457,,
"(80‚Ä¶""",Fri Jul 02 10:18:40 +0000 2021,"New York, NY",0.4,0.4,Positive
Vaccine appointments are available at,,,,,
Walgreens/Duane Reade (Pfizer),,,,,
49 West Fordham Road, Bronx, NY, 10468,,
"(800)‚Ä¶""",Fri Jul 02 10:18:41 +0000 2021,"New York, NY",0.4,0.4,Positive
Vaccine appointments are available at,,,,,
Walgreens/Duane Reade (Pfizer),,,,,
7009 13th Avenue, Brooklyn, NY, 11228,,
"(800) 9‚Ä¶""",Fri Jul 02 10:18:42 +0000 2021,"New York, NY",0.2,0.2,Positive
Vaccine appointments are available at,,,,,
Walgreens/Duane Reade (Pfizer),,,,,
6101 18th Avenue, Brooklyn, NY, 11204,,
"(800) 9‚Ä¶""",Fri Jul 02 10:18:42 +0000 2021,"New York, NY",0.4,0.4,Positive
Vaccine appointments are available at,,,,,
Walgreens/Duane Reade (Pfizer),,,,,
7821 3rd Avenue, Brooklyn, NY, 11209,,
"(800) 92‚Ä¶""",Fri Jul 02 10:18:43 +0000 2021,"New York, NY",0.2,0.2,Positive
Vaccine appointments are available at,,,,,
Walgreens/Duane Reade (Pfizer),,,,,
355 Knickerbocker Avenue, Brooklyn, NY," 11237‚Ä¶""",Fri Jul 02 10:18:43 +0000 2021,"New York, NY"
Vaccine appointments are available at,,,,,
Walgreens/Duane Reade (Pfizer),,,,,
2532 86th Street, 54, Brooklyn, NY, 11214,
"(8‚Ä¶""",Fri Jul 02 10:18:43 +0000 2021,"New York, NY",0.4,0.4,Positive
Vaccine appointments are available at,,,,,
Walgreens/Duane Reade (Pfizer),,,,,
120 Court Street, Brooklyn, NY, 11201,,
"(800) 9‚Ä¶""",Fri Jul 02 10:18:43 +0000 2021,"New York, NY",0.4,0.4,Positive
Vaccine appointments are available at,,,,,
Walgreens/Duane Reade (Pfizer),,,,,
61-29 Springfield Blvd, Queens, NY, 11364,,
"(80‚Ä¶""",Fri Jul 02 10:18:43 +0000 2021,"New York, NY",0.4,0.4,Positive
Vaccine appointments are available at,,,,,
Walgreens/Duane Reade (Pfizer),,,,,
90-01 Sutphin Boulevard, Queens, NY, 11435,,
"(8‚Ä¶""",Fri Jul 02 10:18:44 +0000 2021,"New York, NY",0.4,0.4,Positive
Vaccine appointments are available at,,,,,
Walgreens/Duane Reade (Pfizer),,,,,
1720 Kings Highway, Brooklyn, NY, 11229,,
"(800)‚Ä¶""",Fri Jul 02 10:18:44 +0000 2021,"New York, NY",0.4,0.4,Positive
Vaccine appointments are available at,,,,,
Walgreens/Duane Reade (Pfizer),,,,,
1111 Pennsylvania Avenue, Brooklyn, NY," 11207‚Ä¶""",Fri Jul 02 10:18:44 +0000 2021,"New York, NY"
Vaccine appointments are available at,,,,,
Mass Vaccination Site - Citi Field (Pfizer),,,,,
36-2 126th St," Cars enter throug‚Ä¶""",Fri Jul 02 10:18:44 +0000 2021,"New York, NY",0.4,0.4
Vaccine appointments are available at,,,,,
Walgreens/Duane Reade (Pfizer),,,,,
1419 Newkirk Ave, Brooklyn, NY, 11226,,
"(800) 9‚Ä¶""",Fri Jul 02 10:18:44 +0000 2021,"New York, NY",0.4,0.4,Positive
Vaccine appointments are available at,,,,,
Walgreens/Duane Reade (Pfizer),,,,,
160-40 Cross Bay Boulevard, Queens, NY," 11414‚Ä¶""",Fri Jul 02 10:18:45 +0000 2021,"New York, NY"
Vaccine appointments are available at,,,,,
Walgreens/Duane Reade (Pfizer),,,,,
462 5th Avenue, Brooklyn, NY, 11215,,
"(800) 925‚Ä¶""",Fri Jul 02 10:18:45 +0000 2021,"New York, NY",0.4,0.4,Positive
Vaccine appointments are available at,,,,,
Walgreens/Duane Reade (Pfizer),,,,,
315 N End Ave, Manhattan, NY, 10282,,
"(800) 925‚Ä¶""",Fri Jul 02 10:18:45 +0000 2021,"New York, NY",0.4,0.4,Positive
Vaccine appointments are available at,,,,,
Walgreens/Duane Reade (Pfizer),,,,,
8011 Eliot Ave, Queens, NY, 11379,,
"(800) 925-4‚Ä¶""",Fri Jul 02 10:18:46 +0000 2021,"New York, NY",0.4,0.4,Positive
Vaccine appointments are available at,,,,,
Walgreens/Duane Reade (Pfizer),,,,,
568 West 125th Street, Manhattan, NY, 10027,,
"(‚Ä¶""",Fri Jul 02 10:18:47 +0000 2021,"New York, NY",0.4,0.4,Positive
Vaccine appointments are available at,,,,,
Walgreens/Duane Reade (Pfizer),,,,,
1 Union Square South, Manhattan, NY, 10003,,
"(8‚Ä¶""",Fri Jul 02 10:18:47 +0000 2021,"New York, NY",0.4,0.4,Positive
Vaccine appointments are available at,,,,,
Walgreens/Duane Reade (Pfizer),,,,,
4714 16th Avenue, Brooklyn, NY, 11204,,
"(800) 9‚Ä¶""",Fri Jul 02 10:18:47 +0000 2021,"New York, NY",0.4,0.4,Positive
Vaccine appointments are available at,,,,,
Walgreens/Duane Reade (Pfizer),,,,,
530 5th Avenue, Manhattan, NY, 10036,,
"(800) 92‚Ä¶""",Fri Jul 02 10:18:47 +0000 2021,"New York, NY",0.4,0.4,Positive
Vaccine appointments are available at,,,,,
Walgreens/Duane Reade (Pfizer),,,,,
1 Whitehall Street, Manhattan, NY, 10004,,
"(800‚Ä¶""",Fri Jul 02 10:18:48 +0000 2021,"New York, NY",0.4,0.4,Positive
Vaccine appointments are available at,,,,,
Walgreens/Duane Reade (Pfizer),,,,,
1251 Avenue Of The Americas, Manhattan, NY," 1‚Ä¶""",Fri Jul 02 10:18:48 +0000 2021,"New York, NY"
Vaccine appointments are available at,,,,,
Walgreens/Duane Reade (Pfizer),,,,,
16 Court Street, Brooklyn, NY, 11241,,
"(800) 92‚Ä¶""",Fri Jul 02 10:18:48 +0000 2021,"New York, NY",0.4,0.4,Positive
Vaccine appointments are available at,,,,,
Walgreens/Duane Reade (Pfizer),,,,,
305 Broadway, Manhattan, NY, 10007,,
"(800) 925-‚Ä¶""",Fri Jul 02 10:18:49 +0000 2021,"New York, NY",0.4,0.4,Positive
Vaccine appointments are available at,,,,,
Walgreens/Duane Reade (Pfizer),,,,,
37 Broadway, Manhattan, NY, 10006,,
"(800) 925-4‚Ä¶""",Fri Jul 02 10:18:49 +0000 2021,"New York, NY",0.4,0.4,Positive
Vaccine appointments are available at,,,,,
Walgreens/Duane Reade (Pfizer),,,,,
386 Fulton Street, Brooklyn, NY, 11201,,
"(800)‚Ä¶""",Fri Jul 02 10:18:49 +0000 2021,"New York, NY",0.4,0.4,Positive
Vaccine appointments are available at,,,,,
Walgreens/Duane Reade (Pfizer),,,,,
51 West 51st Street, Manhattan, NY, 10019,,
"(80‚Ä¶""",Fri Jul 02 10:18:50 +0000 2021,"New York, NY",0.4,0.4,Positive
Vaccine appointments are available at,,,,,
Walgreens/Duane Reade (Pfizer),,,,,
559 Fulton Street, Brooklyn, NY, 11201,,
"(800)‚Ä¶""",Fri Jul 02 10:18:50 +0000 2021,"New York, NY",0.4,0.4,Positive
Vaccine appointments are available at,,,,,
Walgreens/Duane Reade (Pfizer),,,,,
58 East Fordham Road, Bronx, NY, 10468,,
"(800)‚Ä¶""",Fri Jul 02 10:18:51 +0000 2021,"New York, NY",0.4,0.4,Positive
Vaccine appointments are available at,,,,,
Walgreens/Duane Reade (Pfizer),,,,,
95 Wall Street, Manhattan, NY, 10005,,
"(800) 92‚Ä¶""",Fri Jul 02 10:18:51 +0000 2021,"New York, NY",0.4,0.4,Positive
"Pfizer claims the plan is to have it authorized for 5-11 age group by September, younger kids by November.",Fri Jul 02 10:18:54 +0000 2021,"Virginia, USA",0.0,0.0,Neutral
Vaccine appointments are available at,,,,,
NYC Health + Hospitals, Jacobi (Pfizer),,,,
1400 Pelham Parkway South, Bronx," NY‚Ä¶""",Fri Jul 02 10:17:48 +0000 2021,"New York, NY",0.4
Vaccine appointments are available at,,,,,
NYC Health + Hospitals, Lincoln (Pfizer),,,,
234 East 149th Street," Room 2A5-250‚Ä¶""",Fri Jul 02 10:17:48 +0000 2021,"New York, NY",0.4,0.4
Vaccine appointments are available at,,,,,
NYC Health + Hospitals, North Central Bronx (Pfizer),,,,
3424 Kossuth Avenue," Br‚Ä¶""",Fri Jul 02 10:17:48 +0000 2021,"New York, NY",0.2,0.325
Vaccine appointments are available at,,,,,
NYC Health + Hospitals, Bellevue (Pfizer),,,,
462 1st Avenue, Manhattan, NY," 100‚Ä¶""",Fri Jul 02 10:17:48 +0000 2021,"New York, NY"
Vaccine appointments are available at,,,,,
NYC Health + Hospitals, Harlem (Pfizer),,,,
506 Lenox Avenue, Manhattan, NY," 100‚Ä¶""",Fri Jul 02 10:17:48 +0000 2021,"New York, NY"
Vaccine appointments are available at,,,,,
NYC Health + Hospitals, Metropolitan (Pfizer),,,,
1901 1st Avenue, 4A," Manhattan‚Ä¶""",Fri Jul 02 10:17:49 +0000 2021,"New York, NY",0.4
Vaccine appointments are available at,,,,,
NYC Health + Hospitals, Elmhurst (Pfizer),,,,
79-01 Broadway, Queens, NY," 11373‚Ä¶""",Fri Jul 02 10:17:49 +0000 2021,"New York, NY"
Vaccine appointments are available at,,,,,
NYC Health + Hospitals, Coney Island (Pfizer),,,,
2601 Ocean Parkway," Main build‚Ä¶""",Fri Jul 02 10:17:49 +0000 2021,"New York, NY",0.2833333333333333,0.3666666666666667
Vaccine appointments are available at,,,,,
NYC Health + Hospitals, Kings County (Pfizer),,,,
451 Clarkson Avenue, Brooklyn,"‚Ä¶""",Fri Jul 02 10:17:49 +0000 2021,"New York, NY",0.4
Vaccine appointments are available at,,,,,
NYC Health + Hospitals, Woodhull (Pfizer),,,,
760 Broadway, Brooklyn, NY," 11206‚Ä¶""",Fri Jul 02 10:17:50 +0000 2021,"New York, NY"
Vaccine appointments are available at,,,,,
Walgreens/Duane Reade (Pfizer),,,,,
60-36 Myrtle Avenue, Queens, NY, 11385,,
"(800)‚Ä¶""",Fri Jul 02 10:17:51 +0000 2021,"New York, NY",0.4,0.4,Positive
Vaccine appointments are available at,,,,,
Walgreens/Duane Reade (Pfizer),,,,,
133 Dyckman Street, Manhattan, NY, 10040,,
"(800‚Ä¶""",Fri Jul 02 10:17:52 +0000 2021,"New York, NY",0.4,0.4,Positive
Vaccine appointments are available at,,,,,
Walgreens/Duane Reade (Pfizer),,,,,
2683 Broadway, Manhattan, NY, 10025,,
"(800) 925‚Ä¶""",Fri Jul 02 10:17:52 +0000 2021,"New York, NY",0.4,0.4,Positive
Vaccine appointments are available at,,,,,
Walgreens/Duane Reade (Pfizer),,,,,
244 East 161st Street, Bronx, NY, 10451,,
"(800)‚Ä¶""",Fri Jul 02 10:17:52 +0000 2021,"New York, NY",0.4,0.4,Positive
Vaccine appointments are available at,,,,,
Walgreens/Duane Reade (Pfizer),,,,,
100 Delancey Street, Manhattan, NY, 10002,,
"(80‚Ä¶""",Fri Jul 02 10:17:53 +0000 2021,"New York, NY",0.4,0.4,Positive
Vaccine appointments are available at,,,,,
Walgreens/Duane Reade (Pfizer),,,,,
105 Brighton Beach Avenue, Brooklyn, NY," 1123‚Ä¶""",Fri Jul 02 10:17:53 +0000 2021,"New York, NY"
Vaccine appointments are available at,,,,,
Walgreens/Duane Reade (Pfizer),,,,,
116-02 Beach Channel Drive, Queens, NY," 11694‚Ä¶""",Fri Jul 02 10:17:54 +0000 2021,"New York, NY"
"The Moderna and Pfizer COVID-19 vaccines do not impact male fertility, according to a study published in JAMA.‚Ä¶",Wed Jun 30 12:00:01 +0000 2021,"Cranbury, NJ",0.0,0.1,Neutral
Dear  ,,,,,
Any info on johnsonandjohnson and the DeltaVariant or a Pfizer booster?,,,,,
"Asking for 12.1‚Ä¶""",Wed Jun 30 12:00:03 +0000 2021,Central Florida,0.0,0.0,Neutral
The United States has delivered 2 million Pfizer doses to the people of Peru. Peru has seen catastrophic loss due to this p‚Ä¶,Wed Jun 30 12:00:03 +0000 2021,Illinois,-0.125,0.375,Negative
guess I'm finally going to comic con this Friday at Northeast Comic Con in Massachusetts because it's now‚Ä¶,Wed Jun 30 12:00:15 +0000 2021,"Massachusetts, USA",0.16666666666666666,0.6666666666666666,Positive
A Washinton University Study finds Covid 19 Protection could Last for Years after the Pfizer Shots,Wed Jun 30 12:00:19 +0000 2021,"Cameron, MO",0.0,0.06666666666666667,Neutral
Twitter sucks for censoring this,Wed Jun 30 12:00:21 +0000 2021,"Montana, USA",-0.3,0.3,Negative
12-year-old Maddie was enrolled in the Pfizer COVID-19 vaccine clinical trial. ,,,,,
She's now in a wheelchair, has an NG tube,"‚Ä¶""",Wed Jun 30 12:00:27 +0000 2021,"Wisconsin, USA",0.0
I‚Äôm happy to see Pfizer partnering with organizations like  to advance HealthEquity and help make posi‚Ä¶,Wed Jun 30 12:00:33 +0000 2021,New Jersey,0.8,1.0,Positive
guess what I'm finally going to comic con this Friday at Northeast Comic Con in Massachusetts because it'‚Ä¶,Wed Jun 30 12:00:39 +0000 2021,"Massachusetts, USA",0.16666666666666666,0.6666666666666666,Positive
"Pfizer and Moderna Vaccines Likely to Produce Lasting Immunity, Study Finds",Wed Jun 30 12:00:45 +0000 2021,"Kansas City, MO, USA",0.0,0.5,Neutral
Nah you are literally a piece of shit if you put your children in a damn clinical trial unprovoked for a vaccine that they l‚Ä¶,Wed Jun 30 12:00:53 +0000 2021,Upstate NY,-0.2,0.8,Negative
"Hey , how the fuck is this misleading?? The little girl was fine, took the shot and is now fucked up! Twitter is a fu‚Ä¶",Wed Jun 30 11:58:00 +0000 2021,"Pennsylvania, USA",-0.23020833333333335,0.575,Negative
You might consider giving that speech to yourself in the mirror. Pfizer didn't sign your consent form.,Wed Jun 30 11:58:04 +0000 2021,"Dallas, TX",0.0,0.0,Neutral
Twitter are censoring this? That‚Äôs really sick.,Wed Jun 30 11:58:08 +0000 2021,United States,-0.7142857142857143,0.8571428571428571,Negative
I still wear a mask when I‚Äôm inside and have had Pfizer vax with 2 Nd in early March,Wed Jun 30 11:58:10 +0000 2021,"Phoenix, AZ",0.1,0.3,Positive
"I got the 1st Pfizer dose yesterday, I didn't want to, but I have to in order to go on the cruise in August.",Wed Jun 30 11:58:18 +0000 2021,"Atlanta, GA",0.0,0.0,Neutral
Imagine using your kid as a fucking guinea pig. What an asshole.,Wed Jun 30 11:58:26 +0000 2021,"Tennessee, USA",-0.6,0.8,Negative
12-year-old Maddie was enrolled in the Pfizer COVID-19 vaccine clinical trial. ,,,,,
She's now in a wheelchair, has an NG tube,"‚Ä¶""",Wed Jun 30 11:58:35 +0000 2021,"Richmond, VA",0.0
I suspect that the peri- and myocarditis will be tracked to microcoagulopathy in cardiac vessels due to spike protein effec‚Ä¶,Wed Jun 30 11:58:39 +0000 2021,Greenwich CT,-0.0875,0.1875,Negative
I suspect that the peri- and myocarditis will be tracked to microcoagulopathy in cardiac vessels due to spike protein effec‚Ä¶,Wed Jun 30 11:58:53 +0000 2021,San Antonio Texas,-0.0875,0.1875,Negative
If you‚Äôre vaccinated (especially with a  proper vaccine) don‚Äôt get too hysterical about the Delta variant.,Wed Jun 30 12:10:58 +0000 2021,"Manhattan, NY",-0.3333333333333333,0.7000000000000001,Negative
12-year-old Maddie was enrolled in the Pfizer COVID-19 vaccine clinical trial. ,,,,,
She's now in a wheelchair, has an NG tube,"‚Ä¶""",Wed Jun 30 12:11:08 +0000 2021,"Florida, USA",0.0
12-year-old Maddie was enrolled in the Pfizer COVID-19 vaccine clinical trial. ,,,,,
She's now in a wheelchair, has an NG tube,"‚Ä¶""",Wed Jun 30 12:11:17 +0000 2021,"Texas, USA",0.0
If a US citizen refuses to take the vaccine... Get the vaccine where it will save a life.  It's the Christian thing‚Ä¶,Wed Jun 30 12:11:36 +0000 2021,"South Florida, USA",0.0,0.0,Neutral
The United States has delivered 2 million Pfizer doses to the people of Peru. Peru has seen catastrophic loss due to this p‚Ä¶,Wed Jun 30 12:11:37 +0000 2021,Michigan BUCKEYE,-0.125,0.375,Negative
The United States has delivered 2 million Pfizer doses to the people of Peru. Peru has seen catastrophic loss due to this p‚Ä¶,Wed Jun 30 12:11:40 +0000 2021,"Florida, USA",-0.125,0.375,Negative
"This entire time, no one asked either of us for our vaccine proof, date, or vial numbers. I had Moderna and he had Pfize‚Ä¶",Wed Jun 30 12:11:41 +0000 2021,"New York, USA",0.0,0.625,Neutral
Share the hell out of this now that Twitter has turned on retweeting and likes,Wed Jun 30 11:49:05 +0000 2021,"Virginia, USA",0.0,0.0,Neutral
Twitter sucks for censoring this,Wed Jun 30 11:49:14 +0000 2021,"Colorado, USA",-0.3,0.3,Negative
12-year-old Maddie was enrolled in the Pfizer COVID-19 vaccine clinical trial. ,,,,,
She's now in a wheelchair, has an NG tube,"‚Ä¶""",Wed Jun 30 11:49:19 +0000 2021,"Greenville, US",0.0
This brilliant skit perfectly illustrates the epic fraud which has been perpetrated on humanity with the unlicensed experimenta‚Ä¶,Wed Jun 30 11:49:28 +0000 2021,"Colorado, USA",0.6666666666666666,0.7999999999999999,Positive
12-year-old Maddie was enrolled in the Pfizer COVID-19 vaccine clinical trial. ,,,,,
She's now in a wheelchair, has an NG tube,"‚Ä¶""",Wed Jun 30 11:49:35 +0000 2021,"Omaha, NE",0.0
Share the hell out of this now that Twitter has turned on retweeting and likes,Wed Jun 30 11:49:40 +0000 2021,"Colorado, USA",0.0,0.0,Neutral
This brilliant skit perfectly illustrates the epic fraud which has been perpetrated on humanity with the unlicensed experimenta‚Ä¶,Wed Jun 30 11:49:48 +0000 2021,United States,0.6666666666666666,0.7999999999999999,Positive
Imagine using your kid as a fucking guinea pig. What an asshole.,Wed Jun 30 11:49:48 +0000 2021,"St Petersburg, FL",-0.6,0.8,Negative
Great parody!,Wed Jun 30 11:54:03 +0000 2021,"Lake Goodwin, WA",1.0,0.75,Positive
12-year-old Maddie was enrolled in the Pfizer COVID-19 vaccine clinical trial. ,,,,,
She's now in a wheelchair, has an NG tube,"‚Ä¶""",Wed Jun 30 11:54:03 +0000 2021,"Cleveland, OH",0.0
This mother‚Äôs guilt will follow her to her grave and maybe still haunt her after that. üíî,Wed Jun 30 11:54:06 +0000 2021,United States,0.0,0.0,Neutral
I suspect that the peri- and myocarditis will be tracked to microcoagulopathy in cardiac vessels due to spike protein effec‚Ä¶,Wed Jun 30 11:54:33 +0000 2021,Palm Beach FL,-0.0875,0.1875,Negative
Brandy McFadden requires 2 month recovery after COVID-19 vaccine.,Wed Jun 30 11:54:35 +0000 2021,"Rochester, NY",0.0,0.0,Neutral
"The Australian govt has denied its people a proper vaccination programme, then lied about it and planted fear and doubt. Wh‚Ä¶",Wed Jun 30 11:54:35 +0000 2021,"Rhode Island, USA",0.0,0.05,Neutral
"The FDA has added a heart inflammation warning to the Pfizer &amp; Moderna, covid vaccines, linking them to myocarditis‚Ä¶",Wed Jun 30 11:54:46 +0000 2021,"Mesquite, TX",0.0,0.0,Neutral
This is now the clincher. This is where they are going to sell the therapy. ,,,,,
"The Pfizer study published in two parts in the‚Ä¶""",Wed Jun 30 11:54:48 +0000 2021,"New Hampshire, USA",0.0,0.0,Neutral
12-year-old Maddie was enrolled in the Pfizer COVID-19 vaccine clinical trial. ,,,,,
She's now in a wheelchair, has an NG tube,"‚Ä¶""",Wed Jun 30 11:56:57 +0000 2021,"New York, USA",0.0
This brilliant skit perfectly illustrates the epic fraud which has been perpetrated on humanity with the unlicensed experimenta‚Ä¶,Wed Jun 30 11:57:02 +0000 2021,United States,0.6666666666666666,0.7999999999999999,Positive
"The Pfizer and Moderna vaccines require those testy ultracold freezers, like the ones testing my patience in a well‚Ä¶",Wed Jun 30 11:57:02 +0000 2021,"Indianapolis, IN",0.0,0.0,Neutral
"Not only are you supposed to feel 0 empathy for this little girl, Twitter is trying to make sure you don‚Äôt spread her st‚Ä¶",Wed Jun 30 11:57:09 +0000 2021,"Florida, USA",0.10416666666666667,0.7962962962962963,Positive
Absolutely see here  and,Wed Jun 30 11:57:16 +0000 2021,"NYC/NYO1 New York, USA",0.2,0.9,Positive
I suspect that the peri- and myocarditis will be tracked to microcoagulopathy in cardiac vessels due to spike protein effec‚Ä¶,Wed Jun 30 11:57:40 +0000 2021,United States,-0.0875,0.1875,Negative
"I'm conservative, skeptic, and avid researcher. Got the Pfizer last week.",Wed Jun 30 11:57:53 +0000 2021,"Conway, AR",0.125,0.5333333333333333,Positive
‚ÄúA wk ago today my brother‚Äôs 13-yr-old son had his 2nd covid shot. Less than 3 days later he died. The initial autopsy res‚Ä¶,Wed Jun 30 12:08:58 +0000 2021,Texas USA üá∫üá∏,-0.041666666666666664,0.016666666666666666,Negative
I suspect that the peri- and myocarditis will be tracked to microcoagulopathy in cardiac vessels due to spike protein effec‚Ä¶,Wed Jun 30 12:09:04 +0000 2021,"Uvalde, TX",-0.0875,0.1875,Negative
Full FDA approval of Pfizer‚Äôs and Moderna‚Äôs COVID-19 shots would reinvigorate the U.S. vaccination push ‚Äî but it co‚Ä¶,Wed Jun 30 12:09:17 +0000 2021,"Chicago, IL",0.35,0.55,Positive
12-year-old Maddie was enrolled in the Pfizer COVID-19 vaccine clinical trial. ,,,,,
She's now in a wheelchair, has an NG tube,"‚Ä¶""",Wed Jun 30 12:09:20 +0000 2021,USA,0.0
Imagine using your kid as a fucking guinea pig. What an asshole.,Wed Jun 30 12:09:26 +0000 2021,"Detroit, MI",-0.6,0.8,Negative
Imagine using your kid as a fucking guinea pig. What an asshole.,Wed Jun 30 12:09:28 +0000 2021,USA,-0.6,0.8,Negative
I suspect that the peri- and myocarditis will be tracked to microcoagulopathy in cardiac vessels due to spike protein effec‚Ä¶,Wed Jun 30 12:09:36 +0000 2021,"West University Place, TX",-0.0875,0.1875,Negative
I got in on the early Pfizer rollout. All I got was the lousy Windows 95 bootup sound. Hopefully the‚Ä¶,Wed Jun 30 12:02:57 +0000 2021,"Jacksonville, FL",0.0,0.4000000000000001,Neutral
This brilliant skit perfectly illustrates the epic fraud which has been perpetrated on humanity with the unlicensed experimenta‚Ä¶,Wed Jun 30 12:02:58 +0000 2021,"Ohio, USA",0.6666666666666666,0.7999999999999999,Positive
"Dr. Michael Yeadon, former Pfizer vice president, warns children are 50 times more likely to be killed by the covid vaccine‚Ä¶",Wed Jun 30 12:03:12 +0000 2021,United States,0.075,0.375,Positive
I suspect that the peri- and myocarditis will be tracked to microcoagulopathy in cardiac vessels due to spike protein effec‚Ä¶,Wed Jun 30 12:03:31 +0000 2021,USA,-0.0875,0.1875,Negative
Imagine using your kid as a fucking guinea pig. What an asshole.,Wed Jun 30 12:03:38 +0000 2021,New Jersey,-0.6,0.8,Negative
"‚ÄúThe horror, the horror.‚Äù - Kurtz",,,,,
"Apocalypse Now.""",Wed Jun 30 12:03:44 +0000 2021,"Freehold, NJ",0.0,0.0,Neutral
I suspect that the peri- and myocarditis will be tracked to microcoagulopathy in cardiac vessels due to spike protein effec‚Ä¶,Wed Jun 30 12:03:45 +0000 2021,"Florida, USA",-0.0875,0.1875,Negative
üòÉ Everyone at  are Fully  or  COVID19 Vaccinated,,,,,
‚öïÔ∏è ,,,,,
‚öïÔ∏è ,,,,,
"‚öïÔ∏è ‚Ä¶""",Tue Jun 29 08:52:57 +0000 2021,"New York, NY",0.0,0.0,Neutral
All this research needs close study. ,,,,,
As of now," Pfizer is still not available in India - but should we start offering i‚Ä¶""",Tue Jun 29 08:52:58 +0000 2021,"Boston, MA",-0.2,0.4
"üòÉ Me, my family, and all of my staff at  and  are Fully  or  COVID19 Vaccinated‚Ä¶",Tue Jun 29 08:53:00 +0000 2021,"New York, NY",0.0,0.0,Neutral
Please get your shot.,Tue Jun 29 08:53:19 +0000 2021,South Florida,0.0,0.0,Neutral
Pfizer Is Still One of the Healthcare Sector‚Äôs Best Dividend Yielders $PFE  investing,Tue Jun 29 08:53:29 +0000 2021,"Boise, ID",1.0,0.3,Positive
üòÉ Everyone at  are Fully  or  COVID19 Vaccinated,,,,,
‚öïÔ∏è ,,,,,
"‚öïÔ∏è‚Ä¶""",Tue Jun 29 08:53:35 +0000 2021,"New York, NY",0.0,0.0,Neutral
All these people freaking out about Toyota while walking around with the J&amp;J/Pfizer vaccine shot as‚Ä¶,Tue Jun 29 08:53:48 +0000 2021,"Seattle, WA",0.0,0.0,Neutral
Pfizer strong arming foreign governments to give military bases for the vax...,Tue Jun 29 08:53:51 +0000 2021,USA,0.06944444444444443,0.3194444444444444,Positive
Imagine using your kid as a fucking guinea pig. What an asshole.,Wed Jun 30 11:48:03 +0000 2021,"Tennessee, USA",-0.6,0.8,Negative
Pfizer playing Russian Roulette with American kids. 13 year old Jacob died. 12 year old Maddie now confined to a wheelchair.‚Ä¶,Wed Jun 30 11:48:19 +0000 2021,"TAMPA , FL",0.05,0.1,Positive
‚ÄúTrust the science‚Äù,Wed Jun 30 11:48:21 +0000 2021,Austin Texas,0.0,0.0,Neutral
"At a recent meeting, Prof Sucharit Bhakdi MD described recent vaccine science developments, incl",,,,,
"- Spike protein fou‚Ä¶""",Wed Jun 30 11:48:24 +0000 2021,U.S.A.,0.0,0.25,Neutral
I suspect that the peri- and myocarditis will be tracked to microcoagulopathy in cardiac vessels due to spike protein effec‚Ä¶,Wed Jun 30 11:48:37 +0000 2021,"Walterboro, SC",-0.0875,0.1875,Negative
12-year-old Maddie was enrolled in the Pfizer COVID-19 vaccine clinical trial. ,,,,,
She's now in a wheelchair, has an NG tube,"‚Ä¶""",Wed Jun 30 11:48:38 +0000 2021,"Tampa, FL",0.0
12-year-old Maddie was enrolled in the Pfizer COVID-19 vaccine clinical trial. ,,,,,
She's now in a wheelchair, has an NG tube,"‚Ä¶""",Wed Jun 30 11:48:45 +0000 2021,"Cincinnati, OH",0.0
JUST IN - Pfizer and its German partner BioNTech plan to ask for FDA emergency use authorization of its COVID19 vaccine in‚Ä¶,Fri Jul 02 09:56:59 +0000 2021,"California, USA",0.0,0.0,Neutral
JUST IN - Pfizer and its German partner BioNTech plan to ask for FDA emergency use authorization of its COVID19 vaccine in‚Ä¶,Fri Jul 02 09:57:19 +0000 2021,"Sulphur, LA",0.0,0.0,Neutral
Covid isn‚Äôt over. Just because there isn‚Äôt a mask mandate in your city doesn‚Äôt mean it‚Äôs safe to go out without a mask‚Ä¶,Fri Jul 02 09:57:30 +0000 2021,"Philly, PA",0.09375,0.59375,Positive
Vaccine appointments are available at,,,,,
Walgreens/Duane Reade (Pfizer),,,,,
5716 Avenue U, Brooklyn, NY, 11234,,
"(800) 925-‚Ä¶""",Fri Jul 02 09:57:33 +0000 2021,"New York, NY",0.4,0.4,Positive
Great üßµ on J&amp;J vaccine vs Delta variant. Take home ,,,,,
If you got J&amp;J vaccine &amp; are ,,,,,
1) elderly," 2) immune compromised o‚Ä¶""",Fri Jul 02 09:57:34 +0000 2021,Ohio,0.8,0.75
The Progression of Mandating Pfizer's Covid-19 Vaccine in New Zealand - Twitter Length Edition,,,,,
"Full Version""",Fri Jul 02 09:57:43 +0000 2021,"California, USA",0.24318181818181817,0.5022727272727273,Positive
Good news A new study finds that the Pfizer and Moderna vaccines may protect against the coronavirus for years.,Tue Jun 29 08:29:02 +0000 2021,US,0.41818181818181815,0.5272727272727273,Positive
"The Pfizer-BioNTech and Moderna Covid-19 vaccines may protect against the coronavirus for years, a study of more than a dozen‚Ä¶",Tue Jun 29 08:29:15 +0000 2021,"Huntsville, AL",0.5,0.5,Positive
GOOD NEWS The  &amp;  COVID19 vaccines spur growth of B cells that pump out antibodies against SARSCo‚Ä¶,Tue Jun 29 08:29:22 +0000 2021,"Portland, CT",0.7,0.6000000000000001,Positive
it‚Äôs happening y‚Äôall. üò≠ give it August-Sept until the US realizes,Tue Jun 29 08:29:36 +0000 2021,"Illinois, USA",0.0,0.0,Neutral
üíâPharmaceutical Sales 2021 due to Covid,,,,,
Pfizer $21 Billion,,,,,
Moderna $19 Billion,,,,,
"JohnsonAndJohnson $10 Bill‚Ä¶""",Tue Jun 29 08:29:42 +0000 2021,"Saint Paul, Minnesota",-0.125,0.375,Negative
"Coronavirus Update Study finds Pfizer and Moderna vaccines may offer COVID protection for years, as Australia stru‚Ä¶",Tue Jun 29 08:29:43 +0000 2021,"Morgantown, WV",0.0,0.0,Neutral
About half of adults infected in an outbreak of the Delta variant of Covid-19 in Israel were fully inoculated with the Pfizer  vac‚Ä¶,Tue Jun 29 08:38:00 +0000 2021,"Los Angeles, CA",-0.16666666666666666,0.16666666666666666,Negative
"Mixing doses of Covid-19 vaccines from Pfizer Inc. and AstraZeneca Plc creates a strong immune response, according to results‚Ä¶",Tue Jun 29 08:38:10 +0000 2021,United States,0.4333333333333333,0.7333333333333333,Positive
About half of adults infected in an outbreak of the Delta variant of Covid-19 in Israel were fully inoculated with the Pfizer  vac‚Ä¶,Tue Jun 29 08:38:11 +0000 2021,United States,-0.16666666666666666,0.16666666666666666,Negative
"NEW FDA adds heart inflammation warning to Pfizer, Moderna COVID-19 vaccines",Tue Jun 29 08:38:28 +0000 2021,"New York, NY",0.13636363636363635,0.45454545454545453,Positive
Natural immunity to covid19 from previous infection is at least as protective as vaccination,,,,,
"(&amp; in the long term may well‚Ä¶""",Tue Jun 29 08:38:43 +0000 2021,New York,-0.10416666666666666,0.3416666666666667,Negative
Shot 2 of Pfizer Vaccine is now in my arm and getting ready to kick some Covid-19 ass. Damned anti-vaxxers best keep th‚Ä¶,Wed Jun 30 11:58:58 +0000 2021,"St Joseph, MI",0.6,0.4,Positive
The findings suggest that booster shots following mRNA coronavirus vaccines may not be needed anytime soon.,Wed Jun 30 11:59:02 +0000 2021,"Mississippi, USA",0.0,0.1,Neutral
"Ok so I find it hard to empathize with this mother crying, as she signed her child up for an experimental drug trial at age‚Ä¶",Wed Jun 30 11:59:04 +0000 2021,"Montana, USA",0.027083333333333327,0.5104166666666666,Positive
Sierra Leone only has one functioning freezer that meets the cold storage requirements for the Pfizer vaccine. But a revolutionary‚Ä¶,Wed Jun 30 11:59:04 +0000 2021,United States,-0.3,1.0,Negative
Something to be said for this analysis.,Wed Jun 30 11:59:20 +0000 2021,"Chicago, IL",0.0,0.0,Neutral
The United States has delivered 2 million Pfizer doses to the people of Peru. Peru has seen catastrophic loss due to this p‚Ä¶,Wed Jun 30 11:59:23 +0000 2021,Massachusetts,-0.125,0.375,Negative
"I'm thinking he said that, not bc the vaccine is dangerous, but bc it doesn't offer‚Ä¶",Tue Jun 29 08:33:56 +0000 2021,"Phoenix, Arizona",-0.6,0.9,Negative
"If companies like Pfizer have total immunity from legal liability, yet PM Scott Morrison is mandating the covid19 vaccine‚Ä¶",Tue Jun 29 08:34:07 +0000 2021,United States of America,0.1,0.475,Positive
There are no contradictions,,,,,
"Remember?""",Tue Jun 29 08:34:08 +0000 2021,"Honolulu, HI",0.0,0.0,Neutral
"A VERY small study, but yet more evidence that from an efficacy and durability standpoint, the mRNA vaccines have been n‚Ä¶",Tue Jun 29 08:34:15 +0000 2021,"Michigan, USA",0.0875,0.51,Positive
Murray Stroeder was well liked. Here is a short article...,Tue Jun 29 08:34:46 +0000 2021,"Wetumpka, Alabama",0.3,0.55,Positive
"The Pfizer-BioNTech and Moderna Covid-19 vaccines may protect against the coronavirus for years, a study of more than a dozen‚Ä¶",Tue Jun 29 08:34:54 +0000 2021,"Santa Clarita, CA",0.5,0.5,Positive
"He tested Friday w/ + COVID PCR returned on Sat. yes, he was vaccinated in March/April w/Pfizer.",,,,,
"What should I do‚Ä¶quaran‚Ä¶""",Wed Jun 30 11:37:18 +0000 2021,"Ormond Beach, FL",0.0,0.0,Neutral
So smart but allows her kids to be used for testing. Feel terrible for this young girl. Her parents failed her.,Wed Jun 30 11:37:26 +0000 2021,"New Jersey, USA",-0.29642857142857143,0.5857142857142856,Negative
I suspect that the peri- and myocarditis will be tracked to microcoagulopathy in cardiac vessels due to spike protein effec‚Ä¶,Wed Jun 30 11:37:28 +0000 2021,United States,-0.0875,0.1875,Negative
"This entire time, no one asked either of us for our vaccine proof, date, or vial numbers. I had Moderna and he had Pfize‚Ä¶",Wed Jun 30 11:37:31 +0000 2021,North Carolina,0.0,0.625,Neutral
"He tested Friday w/ + COVID PCR returned on Sat. yes, he was vaccinated in March/April w/Pfizer.",,,,,
"What should I do‚Ä¶quaran‚Ä¶""",Wed Jun 30 11:37:44 +0000 2021,North Carolina,0.0,0.0,Neutral
12-year-old Maddie was enrolled in the Pfizer COVID-19 vaccine clinical trial. ,,,,,
She's now in a wheelchair, has an NG tube,"‚Ä¶""",Wed Jun 30 12:05:58 +0000 2021,"Florida, USA",0.0
"He tested Friday w/ + COVID PCR returned on Sat. yes, he was vaccinated in March/April w/Pfizer.",,,,,
"What should I do‚Ä¶quaran‚Ä¶""",Wed Jun 30 12:06:11 +0000 2021,"Texas, USA",0.0,0.0,Neutral
NEW üö® Rare heart inflammation linked to Pfizer and Moderna Covid vaccines is six times more likely to occur after seco‚Ä¶,Wed Jun 30 12:06:16 +0000 2021,United States,0.23409090909090907,0.7136363636363636,Positive
Here I describe a brief overview of how the Pfizer/BioNTech or Moderna mRNA vaccines work. Taking a vaccine is one‚Äôs p‚Ä¶,Wed Jun 30 12:06:22 +0000 2021,"Texas, USA",0.0,0.3333333333333333,Neutral
Strange as Covishield is the indigenous name for Astra Zeneca. EU seems to play a dangerous eco‚Ä¶,Wed Jun 30 12:06:50 +0000 2021,Florida (telegram gab parler),-0.325,0.525,Negative
Since I‚Äôve seen this advice be given multiple times privately ,,,,,
If you received the 1-dose J&amp;J," go and get 1-shot of Pfize‚Ä¶""",Tue Jun 29 08:46:04 +0000 2021,"Arizona, USA",0.0,0.1875
Good news A new study finds that the Pfizer and Moderna vaccines may protect against the coronavirus for years.,Tue Jun 29 08:46:15 +0000 2021,Alaska,0.41818181818181815,0.5272727272727273,Positive
Good news A new study finds that the Pfizer and Moderna vaccines may protect against the coronavirus for years.,Tue Jun 29 08:46:18 +0000 2021,Colorado,0.41818181818181815,0.5272727272727273,Positive
Now they're just fucking with us. This is like popping addys and xannys at the same time in college just to see what happ‚Ä¶,Tue Jun 29 08:46:36 +0000 2021,"Denton, TX",-0.3,0.4625,Negative
"Before you read this and assume that you don't need the COVID-19 vaccine, just remember this situation could be muc‚Ä¶",Tue Jun 29 08:46:54 +0000 2021,"Toledo, OH",0.0,0.0,Neutral
Welcome to Privilege and Entitlement day .Spokesperson and Ambassador Jane Norman has stepped up to the plate to defend her‚Ä¶,Fri Jul 02 09:53:04 +0000 2021,Buttfuck Alabama,0.8,0.9,Positive
Personally I'm deadset terrified of the up down up down left right left right ba ba select variant despite not havi‚Ä¶,Fri Jul 02 09:53:15 +0000 2021,United States,0.03718820861678003,0.27845804988662126,Positive
Awesome  piece by  ,,,,,
 should fully approve Pfizer/Moderna,,,,,
"We have way more data for these vacc‚Ä¶""",Fri Jul 02 09:53:19 +0000 2021,"Weymouth, MA",0.75,0.75,Positive
"Got 1/2 pfizer shots. My arm is a Lil sore, no biggy. Bit I haven't felt great yet.",Fri Jul 02 09:53:24 +0000 2021,White Haven PA,0.8,0.75,Positive
"‚ÄúYeadon has only been able to spread his nonsense, build a following and market his resort thanks to the social med‚Ä¶",Fri Jul 02 09:53:26 +0000 2021,Washington DC & London,0.14666666666666667,0.3983333333333333,Positive
"Pfizer and Moderna COVID-19 vaccines may provide protection against the virus for years, study finds",Tue Jun 29 08:32:00 +0000 2021,"Wantagh, NY",0.0,0.0,Neutral
If I get Pfizer and I have a baby w someone who got Moderna will that baby have super powers y/y? Show your work.,Tue Jun 29 08:32:05 +0000 2021,"Wantagh, NY",0.3333333333333333,0.6666666666666666,Positive
The Biden administration is shipping 2 million doses of the Pfizer COVID vaccine to Peru and 1.5 million doses of the M‚Ä¶,Tue Jun 29 08:32:23 +0000 2021,"Cape Coral, FL",0.0,0.0,Neutral
Since I‚Äôve seen this advice be given multiple times privately ,,,,,
If you received the 1-dose J&amp;J," go and get 1-shot of Pfize‚Ä¶""",Tue Jun 29 08:32:40 +0000 2021,"Wantagh, NY",0.0,0.1875
Australia could have achieved herd immunity to COVID-19 by July 2021. But Morrison rejected a Pfizer deal to vaccinate the en‚Ä¶,Tue Jun 29 08:32:44 +0000 2021,Wisconsin,0.0,0.0,Neutral
12-year-old Maddie was enrolled in the Pfizer COVID-19 vaccine clinical trial. ,,,,,
She's now in a wheelchair, has an NG tube,"‚Ä¶""",Wed Jun 30 12:05:20 +0000 2021,"Pennsylvania, USA",0.0
There is a light at the end of the tunnel. ‚ù§ üáµüá™. Thank you .,Wed Jun 30 12:05:32 +0000 2021,"Boston, MA",0.4,0.7,Positive
12-year-old Maddie was enrolled in the Pfizer COVID-19 vaccine clinical trial. ,,,,,
She's now in a wheelchair, has an NG tube,"‚Ä¶""",Wed Jun 30 12:05:43 +0000 2021,United States,0.0
Why is Morrison¬†pushing young people to take AstraZeneca? QLD Health Minister says they have 8 DAYS of Pfizer left &amp;¬†have been‚Ä¶,Wed Jun 30 12:05:46 +0000 2021,United States,0.05,0.2,Positive
"Even if the majority of people need a booster due to a new variant, researchers say people who had COVID, recovered‚Ä¶",Wed Jun 30 12:05:50 +0000 2021,"Reno, NV",0.005681818181818177,0.4147727272727273,Positive
Since I‚Äôve seen this advice be given multiple times privately ,,,,,
If you received the 1-dose J&amp;J," go and get 1-shot of Pfize‚Ä¶""",Tue Jun 29 08:59:57 +0000 2021,"Galt, CA",0.0,0.1875
A recent study suggests people may have protection from the coronavirus for years if they received the Pfizer or Mo‚Ä¶,Tue Jun 29 09:00:00 +0000 2021,"Indianapolis, IN, USA",0.0,0.25,Neutral
It‚Äôs part of the VAERS ( Vaccine Adverse Event Reporting System ). Benefits outweigh risks,Tue Jun 29 09:00:05 +0000 2021,United States,0.0,0.0,Neutral
No. He needs the second dose. They work together.,,,,,
"Part 2 has more side effects. But that m‚Ä¶""",Tue Jun 29 09:00:05 +0000 2021,"Carlsbad, CA",0.25,0.25,Positive
‚ÄúI am a physician who received the Pfizer Covid vaccine. I was previously healthy. It has been a terrifying experience. I hav‚Ä¶,Tue Jun 29 09:00:50 +0000 2021,"So. California, USA",-0.25,0.75,Negative
"We are now about to enter July. Pfizer and Moderna studies show it lasts up to 6 months, when will we get an update‚Ä¶",Wed Jun 30 11:40:08 +0000 2021,"Lima, OH",0.0,0.0,Neutral
Twitter has removed the label. ,,,,,
"Conspiracy theorists take another W.""",Wed Jun 30 11:40:16 +0000 2021,"Florida, USA",0.0,0.0,Neutral
Then he woke up and .... realized it was Pfizer's vaccine.,Wed Jun 30 11:40:30 +0000 2021,"Boston, MA",0.0,0.0,Neutral
"With 2 million doses of the Pfizer vaccine donated to Peru, the United States is helping people in need. The more the world‚Ä¶",Wed Jun 30 11:40:31 +0000 2021,USA,0.5,0.5,Positive
Maybe there should be a study,Wed Jun 30 11:40:32 +0000 2021,"Charleston, SC",0.0,0.0,Neutral
12-year-old Maddie was enrolled in the Pfizer COVID-19 vaccine clinical trial. ,,,,,
She's now in a wheelchair, has an NG tube,"‚Ä¶""",Wed Jun 30 11:40:47 +0000 2021,"Las Vegas, NV",0.0
"WHO recommends wearing masks even for fully vaccinated; Pfizer, Moderna vaccines may offer long immunity, study say‚Ä¶",Tue Jun 29 08:49:00 +0000 2021,United States,-0.05,0.4,Negative
"NEW FDA adds heart inflammation warning to Pfizer, Moderna COVID-19 vaccines",Tue Jun 29 08:49:04 +0000 2021,NY - LA - ATL,0.13636363636363635,0.45454545454545453,Positive
FDA to add heart inflammation to Pfizer/Moderna juice after cases of heart issues have been reported. ‚†Ä,,,,,
‚†Ä,,,,,
"Man‚Ä¶I wish a‚Ä¶""",Tue Jun 29 08:49:14 +0000 2021,"Miami, FL",0.0,0.0,Neutral
FDA to add heart inflammation to Pfizer/Moderna juice after cases of heart issues have been reported. ‚†Ä,,,,,
‚†Ä,,,,,
"Man‚Ä¶I wish a‚Ä¶""",Tue Jun 29 08:49:30 +0000 2021,Texas and canada,0.0,0.0,Neutral
"üòÉ Me, my family, and all of my staff at  and  are Fully  or  COVID19 Vaccinated‚Ä¶",Tue Jun 29 08:49:40 +0000 2021,"New York, NY",0.0,0.0,Neutral
"The Pfizer-BioNTech and Moderna Covid-19 vaccines may protect against the coronavirus for years, a study of more than a dozen‚Ä¶",Tue Jun 29 08:39:56 +0000 2021,All the roads lead to LA üå¥‚ô•,0.5,0.5,Positive
About half of adults infected in an outbreak of the Delta variant of Covid-19 in Israel were fully inoculated with the Pfizer  vac‚Ä¶,Tue Jun 29 08:39:46 +0000 2021,"Fort Collins, CO",-0.16666666666666666,0.16666666666666666,Negative
"The Pfizer-BioNTech and Moderna Covid-19 vaccines may protect against the coronavirus for years, a study of more than a dozen‚Ä¶",Tue Jun 29 08:40:14 +0000 2021,United States,0.5,0.5,Positive
About half of adults infected in an outbreak of the Delta variant of Covid-19 in Israel were fully inoculated with the Pfizer  vac‚Ä¶,Tue Jun 29 08:39:46 +0000 2021,"Fort Collins, CO",-0.16666666666666666,0.16666666666666666,Negative
Imagine using your kid as a fucking guinea pig. What an asshole.,Wed Jun 30 12:02:08 +0000 2021,United States,-0.6,0.8,Negative
"Most Common Q After receiving XYZ vaccine, should I also get Pfizer or Moderna on top of it?",,,,,
"A Wait for now. Studies a‚Ä¶""",Wed Jun 30 12:02:33 +0000 2021,Lahore / Washington D.C.,0.2333333333333333,0.5,Positive
I was hoping for that - got Pfizer and it didn't help...yet,Wed Jun 30 12:02:34 +0000 2021,New Jersey / Pennsylvania,0.0,0.0,Neutral
"Sorry fear-porn pushers, both Pfizer and Moderna protect against the Delta variant. Antibodies protect against the Delta v‚Ä¶",Wed Jun 30 12:02:40 +0000 2021,Space Coast Florida,-0.5,1.0,Negative
The United States has delivered 2 million Pfizer doses to the people of Peru. Peru has seen catastrophic loss due to this p‚Ä¶,Wed Jun 30 12:02:51 +0000 2021,"Pennsylvania, USA",-0.125,0.375,Negative
"New Study Links ""Acute Chest Pain"" In Male Soldiers To mRNA Vaccines",Fri Jul 02 10:06:28 +0000 2021,USA Israel,0.24545454545454545,0.48484848484848486,Positive
üëÄüî• ‚ÄúWe‚Äôve found that recipients of the Pfizer vaccine have 5x-6x LOWER amounts of neutralizing antibodies‚Ä¶these are the gold‚Ä¶,Fri Jul 02 10:06:29 +0000 2021,USA,0.0,0.0,Neutral
Second Pfizer doneü•≥,Fri Jul 02 10:06:30 +0000 2021,"New York, USA",0.0,0.0,Neutral
"For Birmingham‚Äôs benefit, here are the Morrison Govt‚Äôs own officials telling the Senate last month that Pfizer ‚Äúhaven‚Äôt let us‚Ä¶",Fri Jul 02 10:06:32 +0000 2021,Mandurah WA,0.3,0.5333333333333333,Positive
"The Pfizer and AstraZeneca vaccines are powerfully protective against Covid, including existing variants. Vaccine efficac‚Ä¶",Fri Jul 02 10:06:35 +0000 2021,New York,0.3,1.0,Positive
"Dr. Michael Yeadon, former Pfizer vice president, warns children are 50 times more likely to be killed by the covid vaccine‚Ä¶",Wed Jun 30 11:51:56 +0000 2021,USA,0.075,0.375,Positive
12-year-old Maddie was enrolled in the Pfizer COVID-19 vaccine clinical trial. ,,,,,
She's now in a wheelchair, has an NG tube,"‚Ä¶""",Wed Jun 30 11:52:10 +0000 2021,State of Florida,0.0
Imagine using your kid as a fucking guinea pig. What an asshole.,Wed Jun 30 11:52:14 +0000 2021,Texas,-0.6,0.8,Negative
The United States has delivered 2 million Pfizer doses to the people of Peru. Peru has seen catastrophic loss due to this p‚Ä¶,Wed Jun 30 11:52:42 +0000 2021,"Phoenix, AZ",-0.125,0.375,Negative
Astra-Zeneca + Pfizer = 10G,,,,,
Sumber,,,,,
Nature ,,,,,
"The Lancet""",Wed Jun 30 11:52:49 +0000 2021,"Manhattan, NY",0.0,0.0,Neutral
"Mixing doses of Covid-19 vaccines from Pfizer Inc. and AstraZeneca Plc creates a strong immune response, according‚Ä¶",Tue Jun 29 08:33:08 +0000 2021,New York and the World,0.4333333333333333,0.7333333333333333,Positive
New Zealand short of vaccine supply; May run out of vaccines next week,,,,,
"newzealand COVID19‚Ä¶""",Tue Jun 29 08:33:11 +0000 2021,United States,0.04545454545454545,0.2515151515151515,Positive
"NEW FDA adds heart inflammation warning to Pfizer, Moderna COVID-19 vaccines",Tue Jun 29 08:33:35 +0000 2021,United States,0.13636363636363635,0.45454545454545453,Positive
"Mixing doses of Covid-19 vaccines from Pfizer Inc. and AstraZeneca Plc creates a strong immune response, according to results‚Ä¶",Tue Jun 29 08:33:42 +0000 2021,"Sacramento, CA",0.4333333333333333,0.7333333333333333,Positive
Imagine using your kid as a fucking guinea pig. What an asshole.,Wed Jun 30 11:39:00 +0000 2021,USA,-0.6,0.8,Negative
Who in their right mind would subject their own child or any children to this? Are you kidding me?,Wed Jun 30 11:39:01 +0000 2021,Texas / Toronto,0.2396825396825397,0.623015873015873,Positive
"This entire time, no one asked either of us for our vaccine proof, date, or vial numbers. I had Moderna and he had Pfize‚Ä¶",Wed Jun 30 11:39:11 +0000 2021,"Ormond Beach, FL",0.0,0.625,Neutral
"My mom, sister and brother-in-law in the UK are all vaccinated with Pfizer/ AstraZeneca and just contracted t‚Ä¶",Wed Jun 30 11:39:29 +0000 2021,"Georgia, USA",0.0,0.0,Neutral
Did Putin get Russian vac b4 or after getting Pfizer vac?,Wed Jun 30 11:39:51 +0000 2021,"West Virginia, USA",0.0,0.0,Neutral
A mixed schedule of vaccines where a shot of Pfizer COVID19 vaccine is given four weeks after an AstraZeneca shot will pro‚Ä¶,Tue Jun 29 08:26:32 +0000 2021,"Bellevue, WA USA",0.0,0.25,Neutral
"The Pfizer-BioNTech and Moderna Covid-19 vaccines may protect against the coronavirus for years, a study of more than a dozen‚Ä¶",Tue Jun 29 08:26:39 +0000 2021,"Santa Clarita, CA",0.5,0.5,Positive
Since I‚Äôve seen this advice be given multiple times privately ,,,,,
If you received the 1-dose J&amp;J," go and get 1-shot of Pfize‚Ä¶""",Tue Jun 29 08:26:42 +0000 2021,"San Francisco, CA",0.0,0.1875
Good news A new study finds that the Pfizer and Moderna vaccines may protect against the coronavirus for years.,Tue Jun 29 08:26:50 +0000 2021,"Georgia, USA",0.41818181818181815,0.5272727272727273,Positive
"This entire time, no one asked either of us for our vaccine proof, date, or vial numbers. I had Moderna and he had Pfize‚Ä¶",Wed Jun 30 11:41:55 +0000 2021,"New York, USA",0.0,0.625,Neutral
"The Australian govt has denied its people a proper vaccination programme, then lied about it and planted fear and doubt. Wh‚Ä¶",Wed Jun 30 11:42:03 +0000 2021,Central Florida,0.0,0.05,Neutral
Queensland confirms what we were all dreading Scott Morrison won't hand over any Pfizer to the states. This explains Morrison‚Ä¶,Wed Jun 30 11:42:05 +0000 2021,Mandurah WA,0.0,0.0,Neutral
"Free vaccines if you live, work or go to school in JerseyCity. Moderna and Johnson &amp; Johnson are available to those 18+ at‚Ä¶",Wed Jun 30 11:42:36 +0000 2021,"Jersey City, NJ",0.31212121212121213,0.5666666666666668,Positive
"Bye bye, boosters? Scientists say the Pfizer and Moderna vaccines may protect against the coronavirus for years.",Tue Jun 29 08:28:20 +0000 2021,"Missouri, USA",0.0,0.0,Neutral
Pfizer. I had only arm soreness for 2 days then one day I wasn‚Äôt feeling myself after that I was fine,Tue Jun 29 08:28:19 +0000 2021,"Buffalo, NY",0.20833333333333334,0.75,Positive
"WHO recommends wearing masks even for fully vaccinated; Pfizer, Moderna vaccines may offer long immunity, study say‚Ä¶",Tue Jun 29 08:28:35 +0000 2021,"California, USA",-0.05,0.4,Negative
About half of adults infected in an outbreak of the Delta variant of Covid-19 in Israel were fully inoculated with the Pfizer  vac‚Ä¶,Tue Jun 29 08:28:46 +0000 2021,"Maryland, USA",-0.16666666666666666,0.16666666666666666,Negative
"14) Good news is vaccines mostly work against DeltaVariant, albeit attenuated (below is the average of AZ and Pfizer vacci‚Ä¶",Tue Jun 29 08:41:17 +0000 2021,"Clovis, CA",0.35000000000000003,0.5,Positive
"WHO recommends wearing masks even for fully vaccinated; Pfizer, Moderna vaccines may offer long immunity, study says Live COV‚Ä¶",Tue Jun 29 08:41:23 +0000 2021,"San Antonio, TX",0.043181818181818175,0.45,Positive
"NEW FDA adds heart inflammation warning to Pfizer, Moderna COVID-19 vaccines",Tue Jun 29 08:41:40 +0000 2021,"Phoenix, AZ",0.13636363636363635,0.45454545454545453,Positive
23) Many of you are asking about changing vaccine types amid DeltaVariant. It‚Äôs a tricky topic but many countries are now‚Ä¶,Tue Jun 29 08:41:54 +0000 2021,"Clovis, CA",0.5,0.5,Positive
Wear a mask. WHO has already mandated it globally because of Delta. The CDC is catering to extremists‚Ä¶,Wed Jun 30 12:04:02 +0000 2021,USA,0.0,0.0,Neutral
Why did twitter turned off the comment section?,Wed Jun 30 12:04:09 +0000 2021,Texas,0.0,0.0,Neutral
I suspect that the peri- and myocarditis will be tracked to microcoagulopathy in cardiac vessels due to spike protein effec‚Ä¶,Wed Jun 30 12:04:09 +0000 2021,USA,-0.0875,0.1875,Negative
The next verzuz should be Pfizer and Moderna with a house band called Delta Variant.,Wed Jun 30 12:04:39 +0000 2021,"Queens, NY",0.0,0.0,Neutral
"One dose of Pfizer or Astra Zeneca vaccine only provides around 33 per cent protection against symptoms from Delta variant, t‚Ä¶",Wed Jun 30 12:04:52 +0000 2021,"Chicago, IL",0.0,1.0,Neutral
Imagine using your kid as a fucking guinea pig. What an asshole.,Wed Jun 30 11:43:20 +0000 2021,"Maysville, KY",-0.6,0.8,Negative
Recently listened to the podcast between   and  who discussed the potential benefits of‚Ä¶,Wed Jun 30 11:43:22 +0000 2021,United States,0.0,0.625,Neutral
Here is one of the demons after your children.,Wed Jun 30 11:43:33 +0000 2021,FL,0.0,0.0,Neutral
"I've had 2-Pfizer shots, but still wear a mask in public. ‚Äî&gt; 1) COVID Delta is highly infectiou‚Ä¶",Wed Jun 30 11:43:37 +0000 2021,"Albuquerque, NM",0.08,0.3033333333333333,Positive
I suspect that the peri- and myocarditis will be tracked to microcoagulopathy in cardiac vessels due to spike protein effec‚Ä¶,Wed Jun 30 11:43:47 +0000 2021,"Ohio, USA",-0.0875,0.1875,Negative
I had the Pfizer 2x and nada. I did get covid/covid pneumonia way before though while doing all I had‚Ä¶,Tue Jun 29 08:58:05 +0000 2021,Pennsylvania,0.0,0.0,Neutral
Confirmed US today will begin shipping the first doses of Pfizer Covid-19 vaccine abroad as part of the Biden administration'‚Ä¶,Tue Jun 29 08:58:44 +0000 2021,"Evanston, IL",0.325,0.6666666666666666,Positive
A mixed schedule of vaccines where a shot of Pfizer COVID19 vaccine is given four weeks after an AstraZeneca shot will pro‚Ä¶,Tue Jun 29 08:58:44 +0000 2021,"Evanston, IL",0.0,0.25,Neutral
Delta Variant. What to do?,,,,,
If unvaccinated," get Pfizer or Moderna asap. (Other vaccines ALSO work but data isn‚Äôt as stro‚Ä¶""",Tue Jun 29 08:58:51 +0000 2021,"Indiana, USA",-0.125,0.375
Absolutely heartbreaking üíî ,,,,,
Beautiful healthy 12 year old," took Pfizer. She‚Äôs now confined to a wheelchair and has many‚Ä¶""",Fri Jul 02 10:00:03 +0000 2021,"Cedar Park, TX",0.41250000000000003,0.65
President Donald Trump Pfizer's China Virus vaccine is more than 90% effective,Fri Jul 02 10:00:31 +0000 2021,"Alabama, USA",0.55,0.65,Positive
Great üßµ on J&amp;J vaccine vs Delta variant. Take home ,,,,,
If you got J&amp;J vaccine &amp; are ,,,,,
1) elderly," 2) immune compromised o‚Ä¶""",Fri Jul 02 10:00:46 +0000 2021,"Detroit, MI",0.8,0.75
CDC‚Äôs advisory committee said there isn‚Äôt enough evidence to recommend booster shots as Pfizer reassures investors boo‚Ä¶,Fri Jul 02 10:00:48 +0000 2021,"Raleigh, NC",0.0,0.5,Neutral
This brilliant skit perfectly illustrates the epic fraud which has been perpetrated on humanity with the unlicensed experimenta‚Ä¶,Wed Jun 30 11:44:08 +0000 2021,Illinois,0.6666666666666666,0.7999999999999999,Positive
"Yes, the good news is here, too, with the distribution of Pfizer's COVID-19 vaccine.",,,,,
"Read the full article COVID-‚Ä¶""",Wed Jun 30 11:44:13 +0000 2021,"Northridge , CA",0.5249999999999999,0.5750000000000001,Positive
Since I‚Äôve seen this advice be given multiple times privately ,,,,,
If you received the 1-dose J&amp;J," go and get 1-shot of Pfize‚Ä¶""",Wed Jun 30 11:44:21 +0000 2021,"West Chester, PA",0.0,0.1875
Pfizer CEO Has NOT Had The 'Vaccine'  via,Wed Jun 30 11:44:24 +0000 2021,Texas,0.0,0.0,Neutral
Imagine that?,Tue Jun 29 08:34:58 +0000 2021,the heart of it all! Ohio,0.0,0.0,Neutral
"‚ÄúYes, it‚Äôs the pandemic. But Morrison can‚Äôt absolve himself of responsibility for the roads not taken.",,,,,
"Covid-19 didn‚Äôt stop Au‚Ä¶""",Tue Jun 29 08:35:07 +0000 2021,Wisconsin,0.0,0.0,Neutral
"Mixing doses of Covid-19 vaccines from Pfizer Inc. and AstraZeneca Plc creates a strong immune response, according to results‚Ä¶",Tue Jun 29 08:35:38 +0000 2021,USA ‚îÉIndia,0.4333333333333333,0.7333333333333333,Positive
Good news A new study finds that the Pfizer and Moderna vaccines may protect against the coronavirus for years.,Tue Jun 29 08:35:53 +0000 2021,United States of America,0.41818181818181815,0.5272727272727273,Positive
Bruh is this really what passes for ‚Äúscience‚Äù these days?,Wed Jun 30 12:06:57 +0000 2021,"Dallas, TX",0.2,0.2,Positive
THE HELL OUT OF THIS!!,,,,,
"Twitter is suppressing &amp; saying it‚Äôs not true.""",Wed Jun 30 12:07:05 +0000 2021,"Milwaukee, WI",-0.175,0.65,Negative
I just read thi‚Ä¶,Wed Jun 30 12:07:33 +0000 2021,United States,0.0,0.0,Neutral
"Infectious disease experts are weighing the need for booster shots of the Pfizer/BioNTech, or Moderna  mRNA-based vacc‚Ä¶",Wed Jun 30 12:07:40 +0000 2021,US of A,0.0,0.0,Neutral
I suspect that the peri- and myocarditis will be tracked to microcoagulopathy in cardiac vessels due to spike protein effec‚Ä¶,Wed Jun 30 12:07:45 +0000 2021,Ct USA,-0.0875,0.1875,Negative
If you received the one shot J&amp;J ask your doc about doing this to help protect against the Delta variant.,Wed Jun 30 11:49:59 +0000 2021,"Grand Rapids, Michigan",0.0,0.0,Neutral
Imagine using your kid as a fucking guinea pig. What an asshole.,Wed Jun 30 11:50:24 +0000 2021,"Fort Lauderdale, FL",-0.6,0.8,Negative
12-year-old Maddie was enrolled in the Pfizer COVID-19 vaccine clinical trial. ,,,,,
She's now in a wheelchair, has an NG tube,"‚Ä¶""",Wed Jun 30 11:50:46 +0000 2021,"St Petersburg, FL",0.0
The United States has delivered 2 million Pfizer doses to the people of Peru. Peru has seen catastrophic loss due to this p‚Ä¶,Wed Jun 30 11:50:54 +0000 2021,New York,-0.125,0.375,Negative
JUST IN - Pfizer and its German partner BioNTech plan to ask for FDA emergency use authorization of its COVID19 vaccine in‚Ä¶,Fri Jul 02 09:43:04 +0000 2021,United States,0.0,0.0,Neutral
CDC‚Äôs advisory committee said there isn‚Äôt enough evidence to recommend booster shots as Pfizer reassures investors boo‚Ä¶,Fri Jul 02 09:43:16 +0000 2021,"Boston, MA",0.0,0.5,Neutral
Pfizer vaccines offered by Israel to Palestine that were rejected by the PA due to the fact they are all about to expire‚Ä¶,Fri Jul 02 09:43:20 +0000 2021,"New York, USA",-0.125,0.375,Negative
Maddie is a Pfizer trial participant that is now disabled.,Fri Jul 02 09:43:33 +0000 2021,Cuckoo California,-0.2,0.3,Negative
"He tested Friday w/ + COVID PCR returned on Sat. yes, he was vaccinated in March/April w/Pfizer.",,,,,
"What should I do‚Ä¶quaran‚Ä¶""",Wed Jun 30 12:11:59 +0000 2021,"New York, USA",0.0,0.0,Neutral
"Good to see the U.S. donating 2 million Pfizer vaccine doses to Ecuador, as S. America suffers the world‚Äôs worst COVID-1‚Ä¶",Wed Jun 30 12:12:34 +0000 2021,"Boston, MA",-0.3,0.7666666666666666,Negative
Twitter sucks for censoring this,Wed Jun 30 12:12:42 +0000 2021,"Ohio, USA",-0.3,0.3,Negative
The United States has delivered 2 million Pfizer doses to the people of Peru. Peru has seen catastrophic loss due to this p‚Ä¶,Wed Jun 30 12:12:47 +0000 2021,"Asheville, NC",-0.125,0.375,Negative
Does the AstraZeneca vaccine offer any indication for the J&amp;J?  Both are adenovirus vaccines? The UK‚Ä¶,Tue Jun 29 08:54:56 +0000 2021,"Chicago, IL",0.0,0.0,Neutral
These 5 women are at the forefront of the fight against the pandemic. Let‚Äôs take a moment to acknowledge and appre‚Ä¶,Tue Jun 29 08:55:02 +0000 2021,New Jersey,0.0,0.0,Neutral
"The point is, we have 330+ million ppl or over 7b world-wide! these are VERY rare‚Ä¶",Tue Jun 29 08:55:03 +0000 2021,WA,0.2,0.3,Positive
"12) For hospitalization, 2 doses of the vaccine protect you on average ~94%. But only 75% with 1 dose. Note that is not a f‚Ä¶",Tue Jun 29 08:55:39 +0000 2021,"New York, USA",-0.075,0.7,Negative
VaxMillions giveaway registration begins today. MA residents who have had both doses of Pfizer or Moderna or the J&amp;J vacci‚Ä¶,Thu Jul 01 10:17:57 +0000 2021,"Tewksbury, MA",0.0,0.0,Neutral
What kind of parent enrolls their kid to be a test subject for a new vaccine!?,,,,,
"This ‚Äúmother‚Äù can cry all she likes. SHE d‚Ä¶""",Thu Jul 01 10:18:31 +0000 2021,Michigan,0.20126262626262625,0.5626262626262627,Positive
"Just spoke to friends of mine here in Los Angeles, a cis married couple, both Pfizer vxx‚Äôd. He went to a bar last week w fri‚Ä¶",Thu Jul 01 10:18:52 +0000 2021,"Ventura County, California",0.125,0.15833333333333333,Positive
Mother put her 12-year-old in the Pfizer COVID-19 vaccine clinical trial &amp; she ended up in a wheelchair. ,,,,,
"Heartbreaki‚Ä¶""",Thu Jul 01 09:59:00 +0000 2021,"Columbia, PA",0.0,0.0,Neutral
Yep. Vaxxed with Pfizer since April. Husband played a bar gig 2 weekends ago. He was sick 2 days later. Me about‚Ä¶,Thu Jul 01 09:59:17 +0000 2021,"Hudson Valley, NY",-0.35714285714285715,0.42857142857142855,Negative
"Just spoke to friends of mine here in Los Angeles, a cis married couple, both Pfizer vxx‚Äôd. He went to a bar last week w fri‚Ä¶",Thu Jul 01 09:59:53 +0000 2021,"Anniston, AL",0.125,0.15833333333333333,Positive
My neighbor died less than 24 hours after the second Pfizer dose ass hole. ,,,,,
"She died at her husbands so‚Ä¶""",Wed Jun 30 11:46:02 +0000 2021,Tennessee,-0.08333333333333333,0.03333333333333333,Negative
12-year-old Maddie was enrolled in the Pfizer COVID-19 vaccine clinical trial. ,,,,,
She's now in a wheelchair, has an NG tube,"‚Ä¶""",Wed Jun 30 11:46:18 +0000 2021,"Greensboro, NC",0.0
"Very well, particularly the mRNA vaccines, but you need to complete both shots. In an article in the scienc‚Ä¶",Wed Jun 30 11:46:30 +0000 2021,"New York, NY ‚Ä¢ Washington, DC",0.15555555555555556,0.3444444444444444,Positive
‚ÄúGot my 17th Pfizer shot today to complement my 4th J &amp; J. Worried about Delta Beta Theta variant.‚Äù,Thu Jul 01 09:57:57 +0000 2021,SOUTHERNER IN A YANKEE WORLD.,0.0,0.0,Neutral
"Just spoke to friends of mine here in Los Angeles, a cis married couple, both Pfizer vxx‚Äôd. He went to a bar last week w fri‚Ä¶",Thu Jul 01 09:58:15 +0000 2021,United States,0.125,0.15833333333333333,Positive
"Just spoke to friends of mine here in Los Angeles, a cis married couple, both Pfizer vxx‚Äôd. He went to a bar last week w fri‚Ä¶",Thu Jul 01 09:58:18 +0000 2021,"Hudson Valley, NY",0.125,0.15833333333333333,Positive
Mother put her 12-year-old in the Pfizer COVID-19 vaccine clinical trial &amp; she ended up in a wheelchair. ,,,,,
"Heartbreaki‚Ä¶""",Thu Jul 01 10:08:03 +0000 2021,"Bethlehem, PA",0.0,0.0,Neutral
"In a JAMA Cardiology study, researchers described 23 cases of myocarditis in healthy military members who developed th‚Ä¶",Thu Jul 01 10:08:10 +0000 2021,"Dayton, OH",0.16666666666666666,0.3,Positive
I'm listening to my doctor. He said that the Covid DeltaVariant is real. That there very likely will be a 3rd wav‚Ä¶,Thu Jul 01 10:08:23 +0000 2021,"Oklahoma City, OK",0.06666666666666667,0.43333333333333335,Positive
"The FDA has added a heart inflammation warning to the Pfizer &amp; Moderna, covid vaccines, linking them to myocarditis‚Ä¶",Wed Jun 30 11:38:22 +0000 2021,"Tampa, FL",0.0,0.0,Neutral
"Big Tech is trying to stop this poor girl story from being told. Retweet this quote tweet, make your own quote tweet, share‚Ä¶",Wed Jun 30 11:38:35 +0000 2021,"Stockton, CA",0.06666666666666665,0.5666666666666667,Positive
I suspect that the peri- and myocarditis will be tracked to microcoagulopathy in cardiac vessels due to spike protein effec‚Ä¶,Wed Jun 30 11:38:44 +0000 2021,"California, USA",-0.0875,0.1875,Negative
I had both Pfizer shots. My husband had JnJ and neither of us had symptoms at all. Everybody's different.,Tue Jun 29 08:25:06 +0000 2021,"Freetown, MA",0.0,0.6,Neutral
If I get Pfizer and I have a baby w someone who got Moderna will that baby have super powers y/y? Show your work.,Tue Jun 29 08:25:22 +0000 2021,"Seattle, WA",0.3333333333333333,0.6666666666666666,Positive
"‚Äúanti vaxxers want something to happen to us so bad‚Äù nah baby, it‚Äôs just what‚Äôs going to happen inevitably ü§∑üèΩ‚Äç‚ôÄÔ∏è",Tue Jun 29 08:25:48 +0000 2021,"Raleigh, NC",-0.3499999999999999,0.8333333333333333,Negative
Since I‚Äôve seen this advice be given multiple times privately ,,,,,
If you received the 1-dose J&amp;J," go and get 1-shot of Pfize‚Ä¶""",Tue Jun 29 08:44:58 +0000 2021,"Santa Monica, CA",0.0,0.1875
About half of adults infected in an outbreak of the Delta variant of Covid-19 in Israel were fully inoculated with the Pfizer  vac‚Ä¶,Tue Jun 29 08:45:13 +0000 2021,"Florida, USA",-0.16666666666666666,0.16666666666666666,Negative
"üòÉ Me, my family, and all of my staff at  and  are Fully  or  COVID19‚Ä¶",Tue Jun 29 08:45:24 +0000 2021,"New York, NY",0.0,0.0,Neutral
Study shows mixing AstraZeneca and Pfizer vaccines generates strong immune response against COVID-19 - CBS News,Fri Jul 02 10:15:03 +0000 2021,"Chicago, IL",0.4333333333333333,0.7333333333333333,Positive
Do whatever it takes to get this Australia. Whatever it takes.,Fri Jul 02 10:15:46 +0000 2021,CA AZ WA NE üá∫üá∏,0.0,0.0,Neutral
"Chairman of Thonburi Healthcare Group said THC was ready to import Covid vaccines since late last year, but even now Thai go‚Ä¶",Fri Jul 02 10:15:53 +0000 2021,YG Ent &‚Äã AOMG & Be ID,-0.033333333333333326,0.3888888888888889,Negative
üòÉ Everyone at  are Fully  or  COVID19 Vaccinated,,,,,
‚öïÔ∏è ,,,,,
"‚öïÔ∏è‚Ä¶""",Tue Jun 29 08:54:03 +0000 2021,"New York, NY",0.0,0.0,Neutral
10) And don‚Äôt think you are well protected with just 1 dose of the vaccine. Studies show you need 2 doses‚Ä¶ please please 2x‚Ä¶,Tue Jun 29 08:54:13 +0000 2021,"New York, USA",0.0,0.0,Neutral
"Guys, that DeltaVariant ain‚Äôt playing around. Are you?",,,,,
Masks, washing &amp; sanitizing your hands and social distancing work. ,,,,
"I ai‚Ä¶""",Tue Jun 29 08:54:29 +0000 2021,"Tennessee, USA",0.03333333333333333,0.06666666666666667,Positive
Recently listened to the podcast between   and  who discussed the potential benefits of‚Ä¶,Wed Jun 30 11:45:01 +0000 2021,"Palm Coast, FL",0.0,0.625,Neutral
For anyone out there on immunosuppressants. ,,,,,
"I had both Pfizer injections several weeks ago. I have just paid for an antib‚Ä¶""",Wed Jun 30 11:45:22 +0000 2021,North Carolina & Richmond Va.,0.0,0.0,Neutral
12-year-old Maddie was enrolled in the Pfizer COVID-19 vaccine clinical trial. ,,,,,
She's now in a wheelchair, has an NG tube,"‚Ä¶""",Wed Jun 30 11:45:26 +0000 2021,"Greenville, SC",0.0
One dose of J&amp;J gives roughly equivalent immunity 56 days from the one shot as 2 shots‚Ä¶,Fri Jul 02 09:42:11 +0000 2021,"Raleigh, NC",-0.1,0.4,Negative
Vaccine appointments are available at,,,,,
Walgreens/Duane Reade (Pfizer),,,,,
5716 Avenue U, Brooklyn, NY, 11234,,
"(800) 925-‚Ä¶""",Fri Jul 02 09:42:24 +0000 2021,"New York, NY",0.4,0.4,Positive
Pfizer vaccines offered by Israel to Palestine that were rejected by the PA due to the fact they are all about to expire‚Ä¶,Fri Jul 02 09:42:27 +0000 2021,United States,-0.125,0.375,Negative
This is so disturbing ,,,,,
5000 adult deaths and  wants to pump this crap into kids ,,,,,
"Disgusting  is going al‚Ä¶""",Fri Jul 02 09:48:16 +0000 2021,United States,-0.4,0.6,Negative
Opinion | The FDA Should Fully Approve Pfizer and Moderna's Vaccines - The New York Times,Fri Jul 02 09:48:27 +0000 2021,United States,0.13636363636363635,0.45454545454545453,Positive
Girl I was sick for 2 days.... take headache meds even if you don't need them,Fri Jul 02 09:48:31 +0000 2021,"Ohio, USA",-0.7142857142857143,0.8571428571428571,Negative
Me too. I‚Äôm Pfizer and 2nd shit was 3/20/21.,Tue Jun 29 08:31:09 +0000 2021,United States,-0.1,0.4,Negative
Since I‚Äôve seen this advice be given multiple times privately ,,,,,
If you received the 1-dose J&amp;J," go and get 1-shot of Pfize‚Ä¶""",Tue Jun 29 08:31:34 +0000 2021,"North Carolina, USA",0.0,0.1875
Confirmed US today will begin shipping the first doses of Pfizer Covid-19 vaccine abroad as part of the Biden administration'‚Ä¶,Tue Jun 29 08:31:41 +0000 2021,"Shelton, WA",0.325,0.6666666666666666,Positive
Imagine that?,Tue Jun 29 08:47:05 +0000 2021,NC,0.0,0.0,Neutral
About half of adults infected in an outbreak of the Delta variant of Covid-19 in Israel were fully inoculated with the Pfizer  vac‚Ä¶,Tue Jun 29 08:47:17 +0000 2021,"Dallas, TX",-0.16666666666666666,0.16666666666666666,Negative
About half of adults infected in an outbreak of the Delta variant of Covid-19 in Israel were fully inoculated with the Pfizer  vac‚Ä¶,Tue Jun 29 08:47:47 +0000 2021,United States,-0.16666666666666666,0.16666666666666666,Negative
üòÉ Everyone at  are Fully  or  COVID19 Vaccinated,,,,,
‚öïÔ∏è ,,,,,
"‚öïÔ∏è ‚Ä¶""",Tue Jun 29 08:52:02 +0000 2021,"New York, NY",0.0,0.0,Neutral
FDA added a warning to fact sheets‚Äîas advised by CDC‚Äôs Advisory Committee on Immunization Practices‚Äîfor Pfizer + Moder‚Ä¶,Tue Jun 29 08:52:45 +0000 2021,"San Antonio, TX",0.0,0.0,Neutral
6 months in and 2.96 BILLION shots given we finally get a heart inflammation warning?,,,,,
What happens in another 6 months? ,,,,,
"T‚Ä¶""",Tue Jun 29 08:52:49 +0000 2021,NY - LA - ATL,0.0,1.0,Neutral
JUST IN - Pfizer and its German partner BioNTech plan to ask for FDA emergency use authorization of its COVID19 vaccine in‚Ä¶,Fri Jul 02 09:52:25 +0000 2021,United States,0.0,0.0,Neutral
A lot of people are asking me if COVID19 mRNA vaccines build up in the ovaries. This is an idea that seems to have com‚Ä¶,Fri Jul 02 09:52:37 +0000 2021,NJ,0.0,0.0,Neutral
"Yes, the mRNA vaccines‚ÄîPfizer &amp; Moderna‚Äîhave both been approved‚Ä¶",Fri Jul 02 09:52:45 +0000 2021,"Durham, NC",0.0,0.0,Neutral
"Pfizer &amp; Moderna mRNA vaccines are likely to produce long-lasting immunity, alleviating the need for boosters. Close moni‚Ä¶",Tue Jun 29 08:44:03 +0000 2021,New York,0.0,1.0,Neutral
About half of adults infected in an outbreak of the Delta variant of Covid-19 in Israel were fully inoculated with the Pfizer  vac‚Ä¶,Tue Jun 29 08:44:44 +0000 2021,NY,-0.16666666666666666,0.16666666666666666,Negative
You truly love to see it,Tue Jun 29 08:44:46 +0000 2021,"New York, NY",0.5,0.6,Positive
Jane Norman boasted about getting a Pfizer vaccine ahead of the vulnerable . Instead‚Ä¶,Fri Jul 02 10:07:56 +0000 2021,Buttfuck Alabama,-0.5,0.5,Negative
Pfizer Skipped Critical Testing and Cut Corners on Quality Standards for C0V1-D jab,Fri Jul 02 10:08:36 +0000 2021,united states,0.0,0.8,Neutral
CDC‚Äôs advisory committee said there isn‚Äôt enough evidence to recommend booster shots as Pfizer reassures investors boo‚Ä¶,Fri Jul 02 10:08:42 +0000 2021,Central USA,0.0,0.5,Neutral
"The Pfizer-BioNTech and Moderna Covid-19 vaccines may protect against the coronavirus for years, a study of more than a dozen‚Ä¶",Wed Jun 30 11:47:39 +0000 2021,New York,0.5,0.5,Positive
. still claiming these vaccines are safe? Curious ü§î,Wed Jun 30 11:47:40 +0000 2021,NJ,0.2,0.75,Positive
12-year-old Maddie was enrolled in the Pfizer COVID-19 vaccine clinical trial. ,,,,,
She's now in a wheelchair, has an NG tube,"‚Ä¶""",Wed Jun 30 11:47:45 +0000 2021,U.S.A.,0.0
"With AstraZeneca recommended time for greatest efficacy is 12 weeks, but it can be bro‚Ä¶",Thu Jul 01 10:10:21 +0000 2021,Minnesota,1.0,1.0,Positive
‚ÄúGot my 17th Pfizer shot today to complement my 4th J &amp; J. Worried about Delta Beta Theta variant.‚Äù,Thu Jul 01 10:10:26 +0000 2021,"Pennsylvania, USA",0.0,0.0,Neutral
I know nothing about the AstraZeneca I am sorry to say.  I would then do as directed.‚Ä¶,Thu Jul 01 10:10:43 +0000 2021,Minnesota,-0.5,1.0,Negative
"Just spoke to friends of mine here in Los Angeles, a cis married couple, both Pfizer vxx‚Äôd. He went to a bar last week w fri‚Ä¶",Thu Jul 01 09:57:07 +0000 2021,United States,0.125,0.15833333333333333,Positive
This is awful.,Thu Jul 01 09:57:35 +0000 2021,USA,-1.0,1.0,Negative
"The Pfizer and AstraZeneca vaccines are powerfully protective against Covid, including existing variants. Vaccine efficac‚Ä¶",Thu Jul 01 09:57:36 +0000 2021,"New York, USA",0.3,1.0,Positive
üòÉ Everyone at  is Fully  or  COVID19 Vaccinated,,,,,
‚öïÔ∏è ,,,,,
"‚öïÔ∏è‚Ä¶""",Tue Jun 29 08:56:11 +0000 2021,"New York, NY",0.0,0.0,Neutral
Finally! Some *really* good news! I expected to get booster shots every year for the rest of my life....,Tue Jun 29 08:56:48 +0000 2021,"Newark, DE",0.25833333333333336,0.6666666666666666,Positive
üòÉ Everyone at  is Fully  or  COVID19 Vaccinated,,,,,
‚öïÔ∏è ,,,,,
"‚öïÔ∏è‚Ä¶""",Tue Jun 29 08:56:52 +0000 2021,"New York, NY",0.0,0.0,Neutral
About half of adults infected in an outbreak of the Delta variant of Covid-19 in Israel were fully inoculated with the Pfizer  vac‚Ä¶,Tue Jun 29 08:30:00 +0000 2021,"Arizona, USA",-0.16666666666666666,0.16666666666666666,Negative
About half of adults infected in an outbreak of the Delta variant of Covid-19 in Israel were fully inoculated with the Pfizer  vac‚Ä¶,Tue Jun 29 08:30:32 +0000 2021,"NYC, USA",-0.16666666666666666,0.16666666666666666,Negative
This is awful.,Thu Jul 01 10:12:02 +0000 2021,"Fontana, CA",-1.0,1.0,Negative
Spero Therapeutics stock gains on $40M equity investment from Pfizer and licensing agreement for SPR206 $SPRO $PFE,Thu Jul 01 10:12:34 +0000 2021,"New York, NY",0.0,0.0,Neutral
"The 13yo has covid. I've been double vaxxed with Pfizer, wife has been double vaxxed with AstraZeneca, 10yo has no protect‚Ä¶",Thu Jul 01 10:12:49 +0000 2021,"Seattle, WA",0.0,0.0,Neutral
"Guys, that DeltaVariant ain‚Äôt playing around. Are you?",,,,,
Masks, washing &amp; sanitizing your hands and social distancing work. ,,,,
"I ai‚Ä¶""",Tue Jun 29 08:59:11 +0000 2021,"Washington, USA",0.03333333333333333,0.06666666666666667,Positive
Really? Seriously? Mixing the vac csi nes? WTF? WHO IS DUMB ENOUGH TO DO THIS!,Tue Jun 29 08:59:16 +0000 2021,"California, USA",-0.3020833333333333,0.6666666666666666,Negative
"Just spoke to friends of mine here in Los Angeles, a cis married couple, both Pfizer vxx‚Äôd. He went to a bar last week w fri‚Ä¶",Thu Jul 01 10:11:06 +0000 2021,New Hampshire,0.125,0.15833333333333333,Positive
"In a JAMA Cardiology study, researchers described 23 cases of myocarditis in healthy military members who developed th‚Ä¶",Thu Jul 01 10:11:45 +0000 2021,"Texas, USA",0.16666666666666666,0.3,Positive
"Just spoke to friends of mine here in Los Angeles, a cis married couple, both Pfizer vxx‚Äôd. He went to a bar last week w fri‚Ä¶",Thu Jul 01 10:19:33 +0000 2021,"Enola, PA",0.125,0.15833333333333333,Positive
"12) key issue is that while you‚Äôre personally protected if 2-dose vaccinated (60% AZ &amp; 79-88% Pfizer efficacy, 94%‚Ä¶",Thu Jul 01 10:19:46 +0000 2021,Washington DC & Virginia,0.0,0.65,Neutral
So my fully vaccinated daughter has COVID now. She got the Pfizer one back in April and she doesn‚Äôt know anyone she‚Ä¶,Thu Jul 01 10:14:39 +0000 2021,"South Carolina, USA",0.0,0.0,Neutral
"Just spoke to friends of mine here in Los Angeles, a cis married couple, both Pfizer vxx‚Äôd. He went to a bar last week w fri‚Ä¶",Thu Jul 01 10:14:54 +0000 2021,"Michigan, USA",0.125,0.15833333333333333,Positive
Pfizer vaccines offered by Israel to Palestine that were rejected by the PA due to the fact they are all about to expire‚Ä¶,Fri Jul 02 09:36:13 +0000 2021,New York,-0.125,0.375,Negative
"I just got my first Pfizer dose yesterday. Only thing of note, is a slightly sore arm.  Congrats on getting yours soon!",Fri Jul 02 09:36:43 +0000 2021,"Midwest, United States",0.013888888888888895,0.5,Positive
Mother put her 12-year-old in the Pfizer COVID-19 vaccine clinical trial &amp; she ended up in a wheelchair. ,,,,,
"Heartbreaki‚Ä¶""",Thu Jul 01 10:21:39 +0000 2021,"207 Maine, USA",0.0,0.0,Neutral
The last info I‚Äôd read frm experts says even with Pfizer or Moderna you have about a 12% chance of catching  the Delta frm s‚Ä¶,Thu Jul 01 10:21:44 +0000 2021,"Enola, PA",0.3,0.48333333333333334,Positive
Still need your COVID vaccine? The  mobile vaccine clinic will offer Pfizer shots at Friendship Baptist Churc‚Ä¶,Wed Jun 30 12:10:03 +0000 2021,"Virginia Beach, VA",0.0,0.0,Neutral
This is tonight! You can get a free ticket if you are getting your first or 2nd Pfizer shot. You will also get a repli‚Ä¶,Wed Jun 30 12:10:42 +0000 2021,"Houston, TX",0.21666666666666667,0.37777777777777777,Positive
Technical Analysis Pfizer  Stock Price July 02 2021. 16 Technical indicators on the 1 Day Timeframe PFE  give a‚Ä¶,Fri Jul 02 09:49:59 +0000 2021,UK AU DE AT CH NL IT,0.0,0.1,Neutral
The last time I checked on the computer at least 5280 people around that number have been confirmed dead through th‚Ä¶,Fri Jul 02 09:50:43 +0000 2021,United States,-0.024999999999999994,0.4666666666666667,Negative
"In a JAMA Cardiology study, researchers described 23 cases of myocarditis in healthy military members who developed th‚Ä¶",Thu Jul 01 10:20:46 +0000 2021,Ohio,0.16666666666666666,0.3,Positive
"The 13yo has covid. I've been double vaxxed with Pfizer, wife has been double vaxxed with AstraZeneca, 10yo has no protect‚Ä¶",Thu Jul 01 10:20:54 +0000 2021,UK PZ PARIS MCR LA ITALIA,0.0,0.0,Neutral
"This happens ONLY when system supports reporting of side-effects. This is how long-term safety of drugs, vaccines and medi‚Ä¶",Fri Jul 02 09:38:24 +0000 2021,"New York, NY",0.0,1.0,Neutral
"US FDA Adds Warning About Possible Risk Of Heart Inflammation To Pfizer, Moderna mRNA Covid-19 vaccines ",,,,,
Last week," CDC‚Ä¶""",Fri Jul 02 09:38:34 +0000 2021,"New York, NY",0.0,0.5333333333333333
"A 13-year-old who was a voluntary participant in the PfizerVaccine trial for adolescents developed symptoms, including not‚Ä¶",Fri Jul 02 10:01:55 +0000 2021,Michigan,0.1,0.3,Positive
Good news A new study finds that the Pfizer and Moderna vaccines may protect against the coronavirus for years.,Fri Jul 02 10:02:52 +0000 2021,"New York, USA",0.41818181818181815,0.5272727272727273,Positive
"No, but now may be the time for Pfizer to break out the medicated Jello pudding pops for his new gi‚Ä¶",Thu Jul 01 10:08:55 +0000 2021,"San Marcos, CA",0.13636363636363635,0.45454545454545453,Positive
$admp,,,,,
Over 1 M volume in pre-market so I went back to their letter to shareholders on tempol,,,,,
"I‚Äôm impressed and w‚Ä¶""",Thu Jul 01 10:09:40 +0000 2021,"Tombstone, AZ",0.5,0.5,Positive
Since I‚Äôve seen this advice be given multiple times privately ,,,,,
If you received the 1-dose J&amp;J," go and get 1-shot of Pfize‚Ä¶""",Tue Jun 29 08:36:10 +0000 2021,"Georgia, USA",0.0,0.1875
"WHO recommends wearing masks even for fully vaccinated; Pfizer, Moderna vaccines may offer long immunity, study say‚Ä¶",Tue Jun 29 08:36:43 +0000 2021,"San Jose, CA",-0.05,0.4,Negative
Britain negotiating with Israel to receive 1m Pfizer jabs in ‚Äòswap¬†deal‚Äô,Thu Jul 01 10:17:06 +0000 2021,"Palo Alto, CA",0.0,0.0,Neutral
COVID-19 vaccine clinic coming to free Levitt concert series in downtown Springfield,Thu Jul 01 10:17:24 +0000 2021,"Springfield, Illinois",0.4,0.8,Positive
This is awful.,Thu Jul 01 10:17:38 +0000 2021,"New York, USA",-1.0,1.0,Negative
You‚Äôre conflating protection against severe disease with protection against symptomatic inf‚Ä¶,Fri Jul 02 09:46:07 +0000 2021,"Bellevue, WA",0.0,0.0,Neutral
J&amp;J,,,,,
9 Total Breakthrough Infections,,,,,
8 Resulting in Long Covid,,,,,
2 Hospitalized (1 resulting in Long Covid),,,,,
Pfizer,,,,,
"13 Tot‚Ä¶""",Fri Jul 02 09:46:30 +0000 2021,Minnesota,-0.03333333333333333,0.5166666666666666,Negative
üëÄüî• ‚ÄúWe‚Äôve found that recipients of the Pfizer vaccine have 5x-6x LOWER amounts of neutralizing antibodies‚Ä¶these are the gold‚Ä¶,Fri Jul 02 10:14:09 +0000 2021,Born and raised in Texas,0.0,0.0,Neutral
"FDA adds warning about risk of rare heart inflammation to Pfizer, Moderna Covid vaccines",Fri Jul 02 10:14:30 +0000 2021,"North Carolina, USA",0.3,0.9,Positive
Vaccine appointments are available at,,,,,
CVS Pharmacy (Pfizer),,,,,
7960 Metropolitan Avenue, Queens, NY, 11379,,
"(800) 746-‚Ä¶""",Fri Jul 02 10:19:00 +0000 2021,"New York, NY",0.4,0.4,Positive
Vaccine appointments are available at,,,,,
Union Community Health Center - Grand Concourse (Pfizer),,,,,
"2021 Grand Concours‚Ä¶""",Fri Jul 02 10:19:01 +0000 2021,"New York, NY",0.325,0.625,Positive
"First on CNN US ships first Pfizer vaccine doses abroad, donating 2 million to¬†Peru",Tue Jun 29 08:27:25 +0000 2021,United States,0.25,0.3333333333333333,Positive
Since I‚Äôve seen this advice be given multiple times privately ,,,,,
If you received the 1-dose J&amp;J," go and get 1-shot of Pfize‚Ä¶""",Tue Jun 29 08:27:44 +0000 2021,"Los Angeles, CA",0.0,0.1875
I received the Pfizer vaccine both times and no side affects. I usually don‚Äôt have any side affects‚Ä¶,Fri Jul 02 09:49:15 +0000 2021,Indiana,-0.25,0.25,Negative
Pfizer vaccines offered by Israel to Palestine that were rejected by the PA due to the fact they are all about to expire‚Ä¶,Fri Jul 02 09:49:42 +0000 2021,"Detroit, Michigan",-0.125,0.375,Negative
Pfizer‚Äôs COVID-19 vaccine is currently authorized for use in individuals aged 12 and older,Thu Jul 01 10:15:03 +0000 2021,"Austin, TX",0.022222222222222216,0.37777777777777777,Positive
‚ÄúGot my 17th Pfizer shot today to complement my 4th J &amp; J. Worried about Delta Beta Theta variant.‚Äù,Thu Jul 01 10:15:50 +0000 2021,"Washington, PA",0.0,0.0,Neutral
The FDA is now warning of mild heart issues with the moderna and Pfizer vaccines.,Mon Jun 28 09:48:34 +0000 2021,United States Minor Outlying Islands,0.3333333333333333,0.5,Positive
Neurological Complications of COVID-19 Guillain-Barre Syndrome Following Pfizer COVID-19 Vaccine ,,,,,
"C‚Ä¶""",Mon Jun 28 09:48:47 +0000 2021,United States,0.0,0.1,Neutral
CovidWorld Epsilon vs ,,,,,
" SARS-CoV-2 immune evasion by the B.1.427/B.1.429 variant of concern | Science""",Fri Jul 02 10:05:25 +0000 2021,"Mexicali, Baja California",0.0,0.0,Neutral
"Prion proteins form when RNA escapes outside of cells, as in Moderna/Pfizer. ~ Prof. Richard Fleming",Fri Jul 02 10:05:52 +0000 2021,"Nashville, TN",0.0,0.05,Neutral
Britain negotiating with Israel to receive 1m Pfizer jabs in ‚Äòswap¬†deal‚Äô,Thu Jul 01 10:13:01 +0000 2021,USA,0.0,0.0,Neutral
I have 2 friends died within 5 days of each other after having Pfizer shots a few weeks earlier on same day. A mom and son,Thu Jul 01 10:13:04 +0000 2021,"Valrico, FL",-0.08125,0.275,Negative
This is sad,Tue Jun 29 08:43:35 +0000 2021,"Sulphur Springs, TX",-0.5,1.0,Negative
The fact that the Pfizer vaccine is 96% effective against hospitalization from the Delta variant doesn‚Äôt seem to be getting th‚Ä¶,Tue Jun 29 08:43:52 +0000 2021,New Hampshire,0.6,0.8,Positive
Safe &amp; Effective ?,Tue Jun 29 08:48:00 +0000 2021,"St. Paul, Minnesota",0.55,0.65,Positive
I had the Pfizer 2x and nada. I did get covid/covid pneumonia and was pretty rough for 10 days.,,,,,
"I did‚Ä¶""",Tue Jun 29 08:48:41 +0000 2021,Pennsylvania,0.075,0.7,Positive
Second Pfizer doneü•≥,Fri Jul 02 09:54:24 +0000 2021,"Eastern Shore, Virginia",0.0,0.0,Neutral
Did you even have an Ivermectin option when you received the Pfizer? Seems disingenuous to‚Ä¶,Fri Jul 02 09:54:53 +0000 2021,"Florida, USA",0.0,0.0,Neutral
"WHO recommends wearing masks even for fully vaccinated; Pfizer, Moderna vaccines may offer long immunity, study says Live COV‚Ä¶",Tue Jun 29 08:42:15 +0000 2021,"Delaware, USA",0.043181818181818175,0.45,Positive
Naw fuck all that. If it was so good then why did they pull it as an option earlier this year because of all the ho‚Ä¶,Fri Jul 02 10:03:11 +0000 2021,"Hammond, IN",0.09999999999999998,0.5666666666666668,Positive
"Yes, we dont care about our children. Bright side? There are some ethical doctors and journos who followed the money &amp;‚Ä¶",Fri Jul 02 10:12:19 +0000 2021,"Woodstock, GA",0.45000000000000007,0.7,Positive
"In a JAMA Cardiology study, researchers described 23 cases of myocarditis in healthy military members who developed th‚Ä¶",Thu Jul 01 10:16:22 +0000 2021,"Gettysburg, PA",0.16666666666666666,0.3,Positive
Since I‚Äôve seen this advice be given multiple times privately ,,,,,
If you received the 1-dose J&amp;J," go and get 1-shot of Pfize‚Ä¶""",Tue Jun 29 08:57:36 +0000 2021,"Lexington, MA",0.0,0.1875
But these ‚Äúanti-vaxxers‚Äù are ‚Äúcrazy.‚Äù  In the end we will get exactly what we deserve‚Ä¶..and it won‚Äôt be smiling fac‚Ä¶,Tue Jun 29 08:37:06 +0000 2021,"Georgia, USA",-0.175,0.575,Negative
I'll get it when I can get Pfizer. My brother died 2 weeks after AZ. In UK. In the last 4 months more people have‚Ä¶,Fri Jul 02 10:11:42 +0000 2021,"Las Vegas, NV",0.25,0.2833333333333333,Positive
"Dr. Michael Yeadon, former Pfizer vice president, warns children are 50 times more likely to be killed by the covid vaccine‚Ä¶",Wed Jun 30 10:34:48 +0000 2021,"Houston, TX",0.075,0.375,Positive
Pfizer vaccines offered by Israel to Palestine that were rejected by the PA due to the fact they are all about to expire‚Ä¶,Fri Jul 02 09:34:36 +0000 2021,"Cobden, IL, USA",-0.125,0.375,Negative
Walk in vaccination clinic in Whitley Bay! üì¢,,,,,
üìçPlaza area in front of Spanish City," Friday 2nd July (TODAY) 10am ‚Äì 4pm.‚Ä¶""",Fri Jul 02 09:41:01 +0000 2021,"NE Coast, UK",0.0,0.0
Members of US military who were üíâwith Pfizer or Moderna showed higher-than-expected rates of heart inflammation,,,,,
"Experts‚Ä¶""",Thu Jul 01 09:56:41 +0000 2021,Washington DC,-0.1,0.1,Negative
Pfizer COVID-19 Treatment Pill What You Need to Know; They‚Äôll only make this available after they‚Äôve made their bi‚Ä¶,Fri Jul 02 10:04:03 +0000 2021,"Palm Beach, FL",0.2,0.7,Positive
"In other words, especially in states like my home Indiana which ranks 38th in getting COVID19 vaccinations,‚Ä¶",Fri Jul 02 09:56:00 +0000 2021,"Valparaiso, IN",-0.0625,0.6875,Negative
Yet we have a Governor who has been recklessly pushing all vaccines on citizens through insane incentives as well a‚Ä¶,Tue Jun 29 08:23:52 +0000 2021,"Portland, OR",-1.0,1.0,Negative
GOOD NEWS The  &amp;  COVID19 vaccines spur growth of B cells that pump out antibodies against SARSCo‚Ä¶,Tue Jun 29 08:39:05 +0000 2021,"Roswell, NM",0.7,0.6000000000000001,Positive
"IMMEDIATELY AFTER YOUR PAYMENT, BOOKING CODE WILL BE SEND TO YOU, INBOX ME PRIVATELY FOR PAYMENT DETAILS ‚Ä¶",Fri Jul 02 09:35:46 +0000 2021,"New York, NY SOURCE",0.0,0.375,Neutral
"Spot on, thanks for this.  Had this convo with folks on this site earlier and even considered petitioni‚Ä¶",Fri Jul 02 10:16:51 +0000 2021,"Philadelphia, PA",0.1,0.35,Positive
1/2 We have a huge population one vaccine is not enough. Covaxin can't be produced at such‚Ä¶,Tue Jun 29 08:24:47 +0000 2021,United States,0.20000000000000004,0.7,Positive
We are not out of the woods yet. DeltaVariant,Tue Jun 29 08:50:58 +0000 2021,"Before: Lancaster, PA now Ellicott City MD",0.0,0.0,Neutral
Just come to Australia. Then you can wait for a Pfizer like the everyone else.,Fri Jul 02 09:47:25 +0000 2021,"Perth, WA",0.0,0.0,Neutral
Pfizer. It uses my genome. Magic!,Fri Jul 02 10:20:02 +0000 2021,New York,0.625,1.0,Positive
